-0.0605305433 -0.133331627 0.221447527 0.0756352469 0.11464186 -0.124338388 -0.124064155 -0.0984460786 0.0173447169 0.146179885 0.0205960032 -0.175349757 -0.198154584 -0.0382778086 -0.124601796 -0.195798039 -0.332801968 0.244101375 0.148995087 -0.0900127888 -0.275709808 -0.120088473 0.17738916 -0.281849384 -0.260003209 -0.16651389 0.215576828 -0.101283275 -0.0605260208 0.0286351647 -0.229852691 0.298696607 -0.171509653 -0.0637397468 -0.229148299 -0.00834115408 
0.0149435457 0.044683449 -0.229617402 -0.229540974 0.0122229224 0.161622688 -0.136939153 0.0851023123 0.0275121983 0.158611953 0.0633579493 -0.0667836964 -0.207352638 0.0926024243 0.139885604 0.0617606975 -0.101268582 -0.0918345377 -0.148594499 0.155511215 -0.136116326 -0.115648523 -0.212318823 0.133680299 -0.0230189133 -0.035265822 -0.241189227 -0.144806802 0.0783287063 -0.069869183 0.0180612355 -0.34231174 0.264802665 0.187227771 -0.0411885716 -0.13402608 
-0.195513427 -0.0668600947 0.133993134 0.083964929 0.124136336 0.0519905984 0.0765215755 -0.0831556395 0.0181555618 0.0529564507 -0.1082827 0.160103798 -0.123960562 0.0137965772 -0.0314935334 -0.101633981 0.0487251841 0.0360713936 -0.0663960353 -0.358200073 0.141642913 -0.0764184296 0.0212610755 -0.0332756937 0.0223341379 -0.458346277 0.0664114878 0.0984068289 -0.00803412404 -0.0156822149 -0.19289355 0.0821735188 0.287464529 -0.035439238 -0.0103093311 0.105444372 
-0.201243073 0.0605135225 0.0150828958 -0.00643954845 -0.102979712 -0.170286417 -0.134099066 -0.0136073017 0.0627472699 0.198117688 -0.0746363178 -0.17025283 -0.512462199 0.0499619171 0.177351609 -0.0172856897 -0.083029896 -0.0466923155 0.0372282341 0.0208832882 -0.113612302 -0.0147193847 -0.102519132 0.0304350369 0.0644183904 0.136699364 -0.431610256 -0.391088814 0.11152263 -0.0271328557 -0.328117639 -0.0166549757 0.145354778 0.0533963889 0.0617686287 -0.131649956 
-0.161306977 0.0370359495 -0.0117391916 -0.0142988302 -0.116675548 0.277739495 0.192362517 0.128846362 0.071680434 -0.143553391 0.217502952 -0.0828943476 0.0930932388 -0.0916183144 -0.276978642 -0.0592979044 0.0845998153 -0.160199225 -0.0940340757 -0.142455414 0.0008601601 -0.0307643991 0.0281234104 0.149731249 0.175194234 -0.0898919776 -0.609958112 -0.0126583911 -0.0424651392 -0.246708706 -0.00373297464 0.148997828 -0.519596815 -0.180415809 -0.113482475 0.00752591621 
-0.0721552074 0.160572767 0.0216324721 0.0337066911 -0.149637476 0.110904992 0.220625907 -0.311739594 0.243695781 -0.0287878197 0.220706969 -0.0677313134 0.12898767 0.197346538 -0.112126134 0.021213552 0.0676522329 -0.0587711819 -0.186103135 0.0285723098 0.0651929379 0.16084519 -0.160251334 0.214045316 0.140057266 -0.135545969 -0.324227482 0.0798581839 -0.0844234899 -0.0277070515 0.0667353198 0.206267193 -0.613545656 -0.191895753 -0.0305641145 0.11386729 
0.0527210571 0.0164732914 -0.320250541 -0.177602082 0.0428856201 0.202378735 -0.0876128897 0.027827492 -0.0716264993 0.0922198296 -0.151525438 0.154877484 -0.0245378241 -0.21850802 0.0270866249 -0.101285294 -0.0755287409 -0.242390871 0.030716436 -0.0817038789 -0.0423910022 -0.0810611919 -0.06865751 0.100872174 0.0832553357 -0.208056837 -0.368223488 -0.0185055733 -0.219615474 0.179291531 0.102417067 -0.180761293 -0.137484044 0.0669432133 -0.151055172 0.088677004 
-0.176858738 0.0315515511 -0.0890224203 -0.0315014645 -0.0349358208 -0.104600817 -0.0724552348 -0.0167763215 -0.0178985782 0.0757157952 0.0369471796 -0.073843956 -0.0644115284 0.054498408 0.0185935479 0.0836662948 0.054609675 0.0021350407 -0.0812008157 -0.0533508323 -0.078060858 0.0340026431 -0.0699503794 -0.0353021733 -0.0766212866 -0.0649152473 -0.0258947387 0.00798840076 -0.0618414581 0.07456889 -0.00837729126 0.0114177614 -0.0692748576 -0.0746728107 -0.0467155576 -0.0384759456 
-0.0338197909 -0.120642617 -0.0736771449 -0.0428191833 0.132556319 -0.177648097 0.228032202 -0.237056389 -0.201221943 -0.22095418 0.106048815 -0.0073124324 -0.273525536 0.196271122 -0.278367043 -0.0666381642 -0.00650947867 0.0156104779 -0.249532387 -0.213853374 0.0963689536 0.138261199 -0.0638858676 -0.140160576 0.220708802 -0.485466599 -0.196622968 -0.1539938 0.156938806 -0.182694167 -0.41951257 0.262347698 -0.176391572 -0.176592767 -0.290682137 0.0571045205 
-0.0729967579 0.0716179162 -0.154898971 -0.0408698134 0.0730721578 -0.0857904553 0.0158531535 0.0140251117 -0.114980049 -0.0410353392 -0.00931282062 0.118220434 0.168831334 -0.150491714 -0.089938961 0.134825319 -0.0713175908 -0.00146262755 -0.282070041 0.174448684 -0.111932658 0.0404901877 0.0205960125 -0.00877500977 -0.659516692 0.247669905 0.172766879 -0.0617989749 -0.218397483 -0.0582996272 -0.0953171626 0.271839499 -0.507215858 0.122682668 -0.0432062112 0.0115363644 
-0.143921331 0.138511673 -0.089786455 -0.125205681 -0.0195880048 0.256526381 0.0251107961 -0.0935594589 -0.049127467 -0.102265812 0.0740163475 0.0237594824 0.183007896 -0.0331739634 -0.108981006 -0.0369100533 -0.0749221146 -0.119107224 -0.0474971272 -0.00447309995 -0.0843007341 -0.143700838 0.0667034835 -0.0455212183 -0.0554521009 0.100444362 -0.120329611 -0.0632772967 -0.036975801 -0.135323405 -0.00273203035 0.0771052912 -0.185202762 -0.2310092 -0.140923843 0.152750537 
0.10890504 -0.352833062 -0.0549093708 0.0274576787 0.0443321578 -0.358026206 0.175790429 -0.274811 0.0635399446 -0.0603064187 -0.0261902101 -0.238795429 0.0222696029 -0.116790436 -0.0396269858 0.0764342919 0.154101163 -0.214461625 -0.0905267671 -0.042502854 0.0499546863 -0.0380133465 -0.00747129507 -0.106750727 -0.0205667 -0.447029561 0.172735021 0.00158994179 0.0278671347 -0.150890395 -0.326435626 0.100115478 0.0271231979 0.000439490192 0.0513480008 -0.241996333 
0.169292957 -0.146579623 -0.14563705 -0.0819775835 0.0675749779 0.100729689 -0.166486293 0.209150195 -0.109341651 -0.174783945 -0.0417337045 0.258120388 -0.0880260393 0.0416593552 -0.103021264 0.0725791529 -0.128025413 0.0837434903 0.0311365854 -0.0233043246 -0.387239277 -0.0353759304 -0.0971737504 -0.00500699086 -0.195311457 0.227666184 -0.321029425 -0.396088094 -0.227253556 0.323100537 -0.140904367 -0.395078361 0.253479123 0.0755641907 -0.208007067 -0.0528767966 
0.12801674 0.0293838959 -0.070011422 0.129411116 0.0321129858 -0.0648527965 0.0213159639 -0.16034092 -0.0304553937 0.00984856579 0.097388342 0.00878450554 -0.0940274224 -0.177065656 0.154911026 0.163118124 0.0341232009 -0.0939645171 0.1520513 -0.199102446 0.0900334716 0.153386831 -0.0198757369 -0.118243255 0.0506948829 0.0632038191 -0.278035104 0.154516295 -0.0621527843 0.0376967154 0.0921541974 -0.01974044 -0.00638584467 -0.0483127609 -0.200341478 0.111251332 
-0.0188139118 0.00695560779 -0.181425542 -0.168023348 0.152423188 -0.107550763 0.108717367 -0.157071307 -0.0969538987 -0.105785258 0.184522927 -0.214554757 0.0329719298 -0.0611663386 0.0624323823 0.0949750245 -0.00190760277 -0.284587502 -0.221315041 -0.00740981661 0.126739964 -0.0113552995 0.0626392141 -0.323753178 -0.283780843 -0.0582235791 0.087049745 0.0851369053 -0.156194806 0.0328136235 -0.0657300577 0.0580039322 -0.116128653 -0.0548408218 -0.118550457 -0.00204845495 
0.114277005 0.151945308 -0.0333287828 0.149646759 -0.0282196105 0.228477836 0.0908019543 0.093599163 0.231544375 -0.0540135093 0.0861430988 0.0868614763 0.0067923977 0.315424651 0.0365067087 0.0573073365 0.204089805 0.0485523865 0.0594404824 -0.0511909947 -0.0326539166 0.108214632 0.1469585 -0.121644273 0.0395110212 -0.0509454608 0.00735229999 0.133983389 -0.0288280081 0.177865878 0.0801424161 0.280511707 -0.280864865 -0.126376227 0.154350817 0.0487162508 
-0.0505421087 -0.00157749048 -0.0703518763 -0.055526834 0.00130129326 0.0339021608 0.0289466456 -0.0454621799 -0.134382725 -0.0233270861 -0.0205686521 0.011469109 0.013863978 -0.0406837948 -0.00867369212 0.0439868458 -0.00557601312 0.0269720368 0.0103705395 -0.09540198 -0.0113491854 -0.0416628644 -0.0280989334 -0.0316294394 -0.0553610399 -0.0958036631 -0.183507249 -0.213710085 -0.0862468854 -0.0159803536 -0.0161084495 -0.198705971 -0.0184521358 0.000921875238 0.0049963668 0.0682913363 
0.0137768714 -0.0393254831 0.0393502004 -0.054510612 -0.10888914 -0.049310226 -0.00771261426 -0.0257556438 0.0243798643 -0.0786613449 -0.0793088749 -0.0418247953 0.0559573062 0.040733356 0.00775478035 -0.0950363725 -0.0161222871 -0.0531519242 -0.0555105694 0.0512174405 -0.0111182304 -0.0661466494 0.0496729501 -0.0323045999 -0.0928424448 -0.0776475221 -0.0832680762 -0.0908394903 0.00135962071 -0.065559715 -0.0669294 -0.025934888 -0.0527842827 0.00716853701 -0.0914625227 -0.0578471273 
0.218731612 -0.077394776 0.0543841496 0.168449834 0.11844977 -0.206314355 0.134724498 0.102988534 0.0789401159 0.0250433423 0.199248865 -0.124952629 -0.0530358106 0.126500294 0.13244544 0.263685077 0.0499381125 -0.155107066 0.130667329 0.261135787 -0.293352157 -0.0322054625 0.273157418 -0.0483592302 0.056882944 -0.259074241 0.367741734 0.00619747303 0.108518451 0.0574175343 -0.321796149 0.257362485 -0.184697315 -0.154774651 0.215340525 -0.269379467 
0.00796524249 0.112720668 -0.105814137 0.24238278 0.0344288275 -0.182130545 0.0536140017 0.0707100108 0.210756823 0.0304452274 0.0670974851 -0.0783681646 -0.19138068 0.0266802702 0.133584112 0.183209375 0.00790885929 0.0304151233 -0.0413789041 0.144119978 -0.183708459 0.0992521942 0.0783551857 0.114757009 -0.262690634 -0.0947075114 0.159179717 0.0926724449 0.00791423302 0.0734381229 0.207955107 0.0960072055 -0.22994329 0.02506724 0.0169472676 0.0520371161 
-0.238801748 0.0535096414 0.101026751 -0.0180817731 -0.168645099 0.0599800684 -0.223855019 0.0815001577 -0.159691125 -0.0359016769 -0.280976146 0.0494630821 -0.22067152 0.206524849 -0.324133605 -0.194999203 -0.22753942 0.22161144 -0.330627888 0.131011695 -0.121030554 -0.0131922327 -0.443861216 0.365641862 -0.169356674 0.0941876397 -0.151597083 -0.0988405794 -0.205242127 0.130697399 0.0563862324 -0.298544705 -0.0945864394 -0.156424209 -0.0790589526 0.00269735884 
0.146109834 -0.0483193099 -0.10771589 0.196144745 0.169936493 0.151728526 0.085663192 0.201337337 -0.0431573391 -0.00565290637 0.193586648 0.167421326 0.146205619 -0.120858848 0.177124172 0.103562638 0.0655800998 -0.0224765204 0.185850367 -0.236798897 -0.0607193932 -0.0199795812 0.0920176879 -0.115733057 0.105006583 0.0864988342 -0.596228182 0.217026547 0.0625622571 0.000736167131 0.181392267 -0.347648889 0.151750803 0.121988229 -0.0758303851 0.130071476 
-0.10930939 -0.0212742016 0.0485791229 -0.222463727 -0.0422465689 0.0828414261 0.229995206 -0.0647498369 -0.253668785 -0.0937306806 -0.00977759715 0.10208685 0.281986028 0.0965920389 -0.421656698 -0.109810442 0.0668545067 0.0380334146 0.083086729 -0.00758288614 -0.125351235 -0.138341606 0.0754131302 0.0745151937 0.114106484 0.034297023 -0.247190759 -0.0708863437 0.0939144716 -0.153659523 -0.263444602 0.371450454 0.113369703 -0.176030472 0.17720817 0.237640187 
0.178741693 -0.169909671 0.00361739262 0.121760897 0.03715517 -0.072602205 0.0556885563 0.0482877232 -0.101202384 0.102452166 0.0577279031 -0.0653412342 -0.210862532 0.262766361 -0.146005452 0.0965743661 0.0976943821 0.11807669 -0.000490602222 0.164944515 -0.276721746 0.200273901 -0.165792897 0.25200817 -0.0782950893 -0.265737146 0.258308709 0.0140727786 -0.245132193 0.146000966 0.244657844 -0.150540069 -0.179769039 0.119696572 -0.0144713586 -0.0109937163 
-0.0115355272 -0.0482910797 -0.0683860406 -0.0745284557 0.140297487 -0.0257264525 0.144910499 -0.0632903054 -0.0852391645 -0.212054297 0.0950605199 -0.107054137 -0.0295315757 0.0652615353 0.054515332 0.0786835328 -0.196276858 -0.071431689 -0.155777648 -0.0428350568 -0.102103025 0.00537697831 -0.232815593 0.06437774 0.0509907454 -0.0884833559 -0.0187728554 -0.006376829 -0.0956640393 -0.122166544 -0.261360854 -0.336040437 0.252956837 0.122270197 -0.0731500536 -0.385042846 
0.0169989206 0.144483119 -0.227335945 0.0367925689 0.108493984 -0.0304815769 0.171325207 -0.071752049 -0.049184002 -0.0255266782 0.0730944499 -0.047735732 -0.101335771 0.100031711 0.135467127 0.231561705 0.0945720747 -0.29197368 -0.0747840926 0.0748681501 -0.269534498 0.117473006 -0.0383026414 -0.0908890143 -0.0753335655 -0.0665675104 0.140779018 -0.140948415 -0.105569251 0.171826094 -0.14144136 -0.0635566786 -0.159629792 -0.0166682396 0.0638770014 -0.319440454 
-0.0749398321 0.00299876044 -0.0815764368 0.044540301 0.0232789796 -0.0987746194 -0.0911637023 0.00197332562 0.00889138505 -0.07762523 -0.0952245668 -0.0861238539 -0.0377199762 -0.100727871 -0.0659468994 -0.0636763275 -0.0599652492 -0.0330258794 -0.0557114296 -0.128792018 -0.0819290206 -0.0926077068 0.0100872079 -0.0176220667 0.0224402454 -0.0442759357 0.00140010915 -0.0597047992 -0.010890021 0.0334996954 0.089876391 -0.017408492 0.00262262672 -0.0924927294 -0.0287016295 0.0020359261 
-0.197035849 0.0813649446 -0.0127034225 0.0213440582 -0.16093646 -0.0583829992 -0.196247399 -0.0701390952 0.1689547 0.140951782 -0.126687482 -0.0244504232 0.00926485751 -0.132652894 0.0316678993 0.000877829094 0.0344385467 -0.113643222 -0.152090773 -0.00645883009 -0.112951979 0.0307138097 -0.0931360498 -0.0536340438 -0.0120331263 -0.161248013 0.155412138 0.0897359848 -0.0355880335 -0.0733970404 0.0752026588 0.0161954314 -0.325728625 -0.0475151949 -0.0611422174 -0.103403784 
-0.0306156073 0.0413585752 -0.0657680556 0.0164435674 0.171146065 -0.00907269027 0.180648178 0.0474892743 -0.0489078052 -0.11597205 0.0622598194 -0.0505561456 0.0459199473 0.119677313 0.0534350164 -0.00193256384 0.249763563 -0.141162872 0.106198668 0.0399424322 -0.173967674 0.125024348 -0.0568032935 -0.0983816981 -0.295829177 0.182756931 0.116135329 0.0430338234 -0.264774054 0.0165391508 0.161941156 0.292020142 -0.683679223 0.0565300584 0.153498545 -0.100098833 
0.0754798427 -0.00199050712 -0.0670862198 -0.0805068836 0.0863163769 0.0381659381 -0.0212562829 -0.03181706 0.262271702 0.061531879 -0.0890408456 0.108262815 0.148135766 -0.00697413227 -0.0879549831 0.0948183835 -0.0175885763 -0.0540510304 0.00721053593 0.0701313838 -0.467955649 -0.370313019 0.0117087197 0.10736654 0.0184125006 -0.138019308 -0.00496700685 -0.0323808976 -0.00683039287 0.0118935946 0.208705127 -0.549911201 -0.019400185 0.239528596 -0.00105186924 -0.081393607 
0.175830528 -0.0104645202 -0.114106566 -0.150420681 0.167282477 0.129892498 0.0781228021 0.0119396802 -0.0633509979 -0.132610068 0.110162735 0.0991622955 0.156083077 -0.0278135017 -0.157828555 0.138391361 0.0637323111 -0.0612082705 -0.0295309909 -0.0925748721 0.00684482185 0.0135139059 0.39285627 -0.195380345 0.168441907 0.146178082 -0.37350893 -0.0255793892 -0.099192813 0.157735214 -0.258630425 0.392919123 -0.0571581833 -0.181015566 0.273210645 -0.0300807394 
0.139629945 -0.109074943 -0.00913489051 -0.135298863 0.164720371 -0.366930544 0.113443591 -0.102834262 -0.136492908 0.0199995097 0.00866888836 -0.10568697 0.132334828 -0.0591125861 0.0864521861 0.0558615178 0.0265564937 -0.0665000007 -0.186805993 0.204069853 -0.0582944229 -0.132326096 0.00924907811 -0.110066898 -0.0815119967 0.0416337103 0.126737699 0.0678825378 0.00348631712 0.0490756705 -0.102654465 0.0333506949 -0.210095048 -0.279647797 0.189274177 -0.201308206 
-0.0191241223 0.0775872469 0.00403062254 -0.0882891789 -0.00179094076 0.0196929015 0.0503586158 0.0795777962 0.0241043046 -0.0536468551 0.0488750152 0.0213716943 0.0982456654 -0.0304831937 -0.0294271912 0.00670187594 0.00468179211 -0.0444282405 -0.098404415 -0.0467074551 -0.140988827 -0.196039602 0.119351313 -0.0211450197 -0.235766336 0.0535903014 0.0110308202 0.320685804 -0.0565012097 -0.128639504 -0.0072299242 0.206060782 -0.1238304 -0.142495215 -0.044491604 0.0578317866 
0.178393766 -0.0373281278 -0.22829549 -0.00684972666 0.163563013 0.0827642158 0.00907195359 0.162586942 -0.211909607 -0.211671397 -0.00313200941 0.17700088 -0.00940541923 0.0192531664 -0.0191282146 0.0590856522 -0.186566085 0.0208873209 0.212728113 -0.137075618 -0.270714879 -0.019697072 -0.0212198719 0.114091247 -0.013912566 0.146623284 -0.54248625 -0.281104863 0.0890531391 0.110285275 0.16813913 -0.541777849 0.111986116 0.0229634214 -0.0233025588 0.0455261469 
-0.0145108104 0.099996008 -0.101009913 -0.11517816 0.0845817849 -0.0249078535 -0.269961029 0.0567374267 0.066781722 0.12184567 -0.0589954965 0.117161095 -0.120923415 -0.000267792988 0.157414302 -0.0967520177 -0.0264157355 -0.0858367682 -0.112336777 -0.0731447861 -0.00683773076 -0.0136280106 -0.16219601 -0.0204665679 -0.168900222 0.0902813375 -0.159334123 -0.015077577 -0.0871174335 -0.232199341 -0.121132649 -0.0716784596 -0.184526131 -0.043796055 -0.166180074 0.0441902392 
0.096693486 -0.0855267793 -0.0196592696 0.102926679 -0.154888973 0.0474821478 0.0448831171 0.0992997214 -0.0239496734 0.1368642 0.113018759 0.0419174135 -0.19627741 0.346978664 -0.239872411 0.136297405 0.0781133547 0.00952463783 -0.18369785 0.22646372 -0.0937327519 0.0181716606 -0.279725909 0.0355429463 -0.193301216 -0.0183704402 0.094784528 -0.0865293145 -0.151114613 0.104298651 0.140858009 -0.334970236 -0.0796912685 0.0219577253 0.256481111 -0.21487239 
0.017265046 0.154461458 -0.0520592555 -0.0455458537 0.0105866436 0.136876076 0.0152999396 0.0391290188 0.0305713918 -0.013751897 -0.0802385584 0.131055206 -0.177417576 0.173721746 -0.019355759 -0.0134046162 0.0736618116 -0.0793270096 -0.0390763506 0.0333991796 -0.0855580643 0.0577581562 0.117056958 -0.233060926 -0.0721101314 0.00603064895 0.0898140594 0.168780565 -0.154865995 0.111615725 0.357748508 -0.101355702 -0.314698756 -0.257736444 -0.0194855072 0.00376383937 
0.111133069 -0.131553397 -0.160999447 -0.0198339298 0.00377926533 -0.219700471 0.00738119101 -0.147775754 0.0136596933 -0.0297599025 0.107706904 -0.195191354 -0.0779319778 0.0265905801 0.103047065 -0.0918151885 -0.0264760777 -0.276478857 0.0192096494 0.00679818727 -0.220539629 -0.075845696 0.120130226 -0.540280163 -0.0964740664 -0.242922261 0.176122651 -0.0766914487 0.0454500355 -0.0734708905 -0.404252201 0.141528025 0.181233361 -0.0601073168 -0.00373196136 0.0789996088 
0.0660159513 -0.0967345983 -0.0169220809 0.068454586 0.0155632924 -0.104166001 -0.0529279299 -0.124648653 0.0667859688 -0.112061977 0.136856347 0.0166159328 0.0575875491 -0.0525631309 -0.167400122 0.0707434788 -0.118178107 -0.01066361 0.101855896 -0.0143572167 -0.077287592 0.0659369752 0.0594399236 0.0584517159 0.0520780794 -0.222019985 -0.107479855 0.111846469 -0.0435340591 -0.0429382287 0.286445022 -0.470116138 0.13106665 -0.0620364882 -0.0651297495 0.0469631106 
-0.121932201 0.126948088 0.0561284758 0.152257264 -0.00310309883 0.104398772 -0.0539169833 -0.0292537231 -0.00495758886 -0.00174648117 -0.0584409796 -0.149378017 -0.0772200078 0.0859351084 -0.0477360524 0.0165037774 0.02862617 0.0644148961 -0.417506278 0.157272071 0.0649824515 0.0654126331 0.0971824378 -0.0948218629 -0.847388923 0.200177103 0.274117738 0.084426336 -0.162270665 -0.0130891511 -0.00710816588 0.301819533 -0.582364559 0.0830091983 -0.157295614 -0.0448921919 
0.0789893493 0.0660533905 0.0419365913 -0.00206004432 0.111131251 0.093726635 -0.21592468 0.0184776299 0.0610343739 0.146783724 0.0295614526 -0.0225975122 -0.133430526 -0.247344017 0.0732212737 -0.1329339 0.00627442682 -0.0402410217 -0.0516028106 0.00973883737 0.000101525518 -0.025390856 -0.0222356264 -0.156130597 0.0355179496 -0.00822432898 -0.202896327 -0.102264509 -0.160163939 -0.102982961 -0.201714993 -0.0756555423 0.0388916098 -0.070576869 -0.124201134 0.20814684 
0.0382088944 0.03145523 0.0194573998 0.0257662963 0.135714173 0.123427652 0.0846795067 -0.0631180331 0.0642604157 -0.0420655385 -0.0546729118 0.131940335 -0.338727713 -0.00888826698 0.119947225 -0.00119499199 -0.226268679 -0.114377454 -0.186796725 0.0718846768 0.0134332944 0.00183113897 -0.187370688 -0.115785345 -0.103666544 -0.0351913609 -0.116717815 0.159079462 -0.370163441 0.20533298 0.223311037 -0.310902327 -0.00061478524 -0.113431245 0.259069681 -0.131518662 
-0.129340574 -0.0249337405 0.0700123534 -0.110608593 0.0213131476 -0.0703735426 0.198935553 -0.264478207 0.0199405663 0.0531811751 -0.0689295679 -0.0957657993 0.255286902 -0.361426294 -0.234911144 -0.00255338382 0.0673446506 -0.0339564718 0.00428390363 0.0210196134 -0.0954820141 -0.224105254 -0.0407259241 0.121046558 -0.205092266 0.340331793 -0.157993793 -0.123853184 -0.0227361154 0.000310496835 -0.304451644 0.0116409818 0.083379373 -0.0912686288 -0.0644938648 -0.0212447681 
0.127819568 -0.148225665 -0.00472861808 -0.131825477 0.172407493 -0.272365332 -0.00342837162 0.261368006 -0.227781653 -0.0771457478 0.065042004 0.181273282 -0.0224459171 -0.328964382 -0.108431228 0.160590231 -0.101899162 -0.285458922 -0.0858720168 0.0548892431 0.108365834 -0.108898453 0.210408628 -0.161136076 -0.330740541 0.397404253 -0.126851007 -0.0300878752 -0.168896228 0.197324291 0.0954234973 -0.175198987 -0.118780449 0.0836770013 0.0470695645 -0.144101128 
0.0819791257 -0.018665297 -0.0699844509 -0.0393048078 0.202725574 -0.207492635 0.161337405 -0.071329385 -0.128441468 -0.104775935 -0.0566155091 -0.240779057 -0.0837984681 -0.0484143794 0.129421532 0.163399667 0.060208369 -0.122770235 -0.129886717 0.198192179 -0.0819037557 -0.0687566474 0.0185420644 -0.0913151428 -0.0194450151 0.0442465506 0.101738878 -0.167032316 0.0576859303 0.13600488 -0.0891231745 0.0855013058 -0.4259969 -0.129488155 0.125559166 -0.363655031 
-0.147855267 -0.0130951935 -0.0673513487 0.12628293 0.0460783318 -0.124249101 -0.178071097 0.147362515 0.0194767844 0.134766757 -0.117848627 -0.128489509 -0.407153577 0.0417932644 0.155481786 0.246326253 0.0207782835 -0.120893337 -0.12706922 -0.0387305841 -0.0411988944 0.0101697119 0.0224783998 -0.0813112408 -0.0238286164 0.140508831 -0.260276526 -0.116753571 0.062968269 0.0795186684 -0.27064985 0.0916069373 -0.466657549 -0.0564533062 -0.178771719 -0.0294587892 
0.0737815723 0.0522543974 0.045880679 0.127013594 -0.0673412457 0.106327601 0.0794627815 0.135878608 0.024499679 -0.00295870961 0.0263476558 0.00187473895 0.0635763332 0.0293379538 -0.135392591 -0.181751922 0.0129991733 0.0430643447 0.138889268 -0.0406391732 -0.366379142 0.0383476764 0.0999971181 0.0101423487 -0.138227955 0.0574635118 -0.18963781 -0.109230451 -0.00425957935 0.0349424109 0.178395391 -0.238066018 0.128517911 0.0625947937 -0.0474218689 0.0754043385 
0.0789534301 0.0971025154 -0.0711744055 -0.0897168741 0.0509396903 0.0973580927 -0.0661012307 0.139345229 0.0692360476 -0.144173309 0.00295785349 -0.032026764 -0.230766028 0.165973008 0.0180359799 -0.033627715 -0.173342943 0.148896322 -0.366643965 0.240651339 -0.0482713841 -0.0158602204 -0.249119475 0.209161043 -0.114237241 0.0607563369 -0.00294961012 0.128349051 -0.22638467 0.0413188562 -0.0206325594 0.153636813 -0.154275328 -0.120211951 -0.0474647842 -0.0605490394 
0.114446089 -0.0203301553 0.0937186033 0.232456669 -0.00222516805 0.146359861 -0.0593253635 0.00314181694 -0.0133894309 -0.0172068607 0.121918611 0.0670618713 0.0115338853 -0.171105668 0.0202142354 0.0535236038 0.162839755 0.0362310335 0.177604303 -0.0371701047 -0.0264460966 0.0789283141 0.0688296854 0.0111320429 0.143691629 0.0498734638 -0.881968319 0.0510459244 -0.0581236295 0.067663528 0.189622372 -0.33103767 0.0841469467 -0.149344444 -0.0429782271 0.0784852803 
-0.12137825 -0.0422989279 0.0240706243 0.0616991259 0.00888508093 -0.000145034166 -0.000701756799 -0.226108998 0.132734492 -0.00292278104 -0.027378343 -0.099652037 0.377243578 -0.429136932 -0.122775495 -0.121822618 -0.0377040096 -0.107434846 0.0249858368 0.0427771993 -0.260875851 -0.317810327 0.0669011995 0.12634775 -0.241799861 0.140807003 0.100345559 -0.0451219901 0.00625617849 0.016260067 -0.571829498 0.0782147348 0.297760844 -0.0630995333 -0.0113947364 0.11926499 
-0.131813034 0.00112158945 -0.0740846768 0.143198758 0.0948633328 -0.173596799 0.0212215073 -0.227316007 0.118809834 0.052633144 0.0523760654 -0.112778887 -0.0584977083 0.0361319259 0.144569308 0.0782138333 -0.110498615 -0.0194383003 -0.131847396 -0.00513339415 0.0980676785 -0.00553226704 -0.0504760668 0.130877465 -0.294406414 0.202162117 -0.07671386 0.283378094 -0.314269245 0.0101308832 0.0736842901 -0.342984647 0.0569854192 0.12966685 0.0390291512 -0.0799187571 
-0.00546522671 -0.111499734 -0.0411282443 -0.0166820362 -0.00523986155 -0.0789003298 0.0388153978 -0.00663157785 -0.0247264579 -0.0574013926 -0.0482434705 -0.0557105578 0.00357886753 0.00612794142 -0.0582726188 -0.0959771425 0.000219145091 -9.88122119e-05 0.0246036481 -0.0918979198 0.016922852 -0.00761061767 -0.106641695 -0.0273132492 0.0668087527 0.0139163807 -0.0195498019 0.0110101812 -0.0631902143 -0.0743120462 0.019533122 -0.0541049019 -0.0258848369 -0.0113634607 0.0492285974 -0.135496363 
-0.0827020928 0.043063201 -0.244130224 1.17824493e-05 0.120570764 -0.0826120228 -0.00673539098 -0.138346657 0.181635559 0.017643258 0.0423099846 -0.0917277187 -0.024502933 -0.0976279825 0.0600781851 0.0616543144 -0.0678973347 0.156971082 -0.0465434864 -0.0557998791 -0.146190211 0.061958231 -0.243275449 0.0767497495 0.249015912 -0.2914204 -0.0373062342 0.0439441428 0.052132193 -0.130114645 0.10893058 -0.450745136 0.137672141 0.0846766829 0.00705376547 -0.0296913534 
-0.194951907 -0.181455821 0.0807902887 -0.136258066 0.0356964357 -0.0470574126 -0.102183565 0.222810909 -0.155952483 -0.0416914709 0.011525589 0.0550883152 0.0265753344 -0.100213334 -0.117346309 -0.184591413 0.160278827 -0.121095285 -0.0725291148 -0.163097188 0.100627273 -0.0890703797 -0.0326650105 -0.0644759983 -0.213221878 0.209842145 -0.27140224 -0.12891154 -0.0269623511 0.0643584132 0.292758584 -0.281327754 -0.241241962 -0.109869398 0.0427386984 -0.191681072 
-0.0591674671 0.010771716 0.143025085 -0.157629475 -0.0863915533 0.20813182 0.0412561186 0.00313483458 -0.0874413922 0.0162143484 0.0156140393 0.116323382 0.142140985 0.102815405 -0.353015333 0.0103556402 -0.0586735271 0.222178504 0.0397061072 -0.0992019624 0.00259322789 -0.234423265 0.0451350436 0.0557867363 -0.0979068801 0.183150813 -0.130683914 -0.259797066 0.15536879 0.137173086 0.0432675369 -0.298657179 0.255099505 0.0592423975 -0.143865407 0.0708031505 
0.153795376 0.119179145 -0.355369747 -0.174789593 0.121522903 0.146572813 -0.100692987 0.0272386242 0.0551358797 -0.0985208899 -0.116298802 0.0736737177 0.0095901778 -0.139856845 0.0949990898 -0.0589977428 0.0863553956 -0.158102572 0.16342704 -0.154930055 0.00317283883 -0.106212184 -0.0779085457 0.161341608 -0.065002501 0.338669747 -0.52700007 0.132844523 -0.148739919 0.094084233 -0.0241609924 -0.252207696 0.222138375 -0.0905348659 -0.192883149 0.0651520044 
-0.0723172799 -0.0654109269 0.164708644 0.0205461718 -0.117158704 0.0988578722 0.116325654 -0.0503542684 -0.119809695 -0.00926313084 0.019565668 0.198340014 -0.00267127017 0.18847622 -0.273070693 0.0291978791 -0.0266353469 0.16130285 -0.00271468866 -0.0221222695 -0.0822326168 0.109979585 0.0128908884 -0.130376354 -0.083197847 0.209538087 -0.0755906627 -0.212388054 0.142559394 0.113019399 0.183943227 -0.348831177 0.28749299 0.116358548 -0.0411106013 0.0155125959 
-0.0364639647 -0.0419061072 -0.0916253254 -0.0487817898 -0.128805816 0.213096038 -0.0280805901 -0.100571208 -0.133021891 -0.0421640947 0.130183876 -0.180169687 0.0976545885 -0.0355898216 -0.161130011 0.0135181453 0.0478356592 0.0462231748 -0.0296572205 -0.0370885208 -0.130896032 -0.215989456 -0.280466825 0.199881256 0.130164847 -0.0435618833 -0.260966599 -0.00846587494 0.00191942754 -0.233086169 0.156835198 -0.172456175 -0.504863501 0.0717590749 0.0576175973 -0.209216341 
-0.051681228 -0.0475025624 -0.124603234 0.122800693 0.00167091237 -0.10539151 -0.0641992614 0.0384666137 -0.125438586 -0.0394209735 0.0389375724 -0.00413658842 -0.128150597 0.107589327 0.0270229969 -0.00483840611 0.12188603 -0.0794781595 -0.268109441 0.0483143963 -0.0254343171 0.0699397847 -0.118855596 -0.0681767464 -0.673855066 0.0307450965 0.149779916 0.0803674683 0.0205034353 -0.157655731 -0.0784499496 0.180176675 -0.181882188 0.0708001852 -0.0747931227 -0.101481251 
-0.0502271838 0.0599696822 -0.278872818 -0.294429511 0.0333029777 0.183769003 -0.0539667048 0.257467896 -0.0397021621 0.029112298 -0.178810373 0.0900386125 0.0692884549 0.0237224735 -0.051936008 -0.00328108645 -0.0344931744 -0.212778226 0.199343726 -0.204851523 -0.203834787 -0.25259757 0.131393924 -0.151898503 -0.104636453 0.166000098 -0.367411882 -0.1272953 0.0202762261 0.173184156 0.0656630844 -0.412430912 0.244572312 -0.0999886319 -0.0296424888 -0.145940617 
-0.0453110673 0.072971113 0.218479574 0.0324560069 0.153286844 0.186535925 0.139672011 0.070012264 0.0524699464 0.272618204 -0.0363677479 -0.0135114063 0.252661556 0.128297076 -0.0903553069 -0.0033024624 0.0858595148 0.11374104 0.0299828686 -0.0829212889 -0.0679519847 0.0849467367 0.130455464 -0.1361828 -0.202236801 0.243013397 0.0162693448 0.0928320438 -0.111095555 0.166616887 0.273785532 -0.068522796 -0.252904087 0.162324086 0.0158033948 0.131002158 
0.0300096646 0.105773687 0.0520631596 0.163399056 0.0525368303 0.0212156922 -0.102445632 0.0391603746 0.237993628 0.169069722 -0.0410572216 0.0847502276 -0.0395707637 0.0518698469 0.15194881 0.094537653 -0.0570817925 0.000726337079 -0.0102227842 -0.130967483 0.181785822 0.0598681346 0.042975191 -0.043046169 0.0812521726 0.0638093427 0.0497074537 0.111422144 -0.0581878237 0.256890386 0.140894011 -0.259570003 0.140862405 -0.122653067 0.339512587 -0.0761064142 
0.0218985993 -0.0480821207 -0.133767188 0.21919024 0.0237575956 -0.213735327 -0.00745596457 -0.147588268 0.154812515 0.0742942914 0.0521479324 -0.0310119111 -0.0102562131 -0.15495722 0.118898049 0.102645986 -0.0029605343 0.053841684 0.0641959831 -0.113601476 -0.13737455 0.00371923973 -0.039608527 -0.038357202 0.196461484 -0.206989348 -0.139623627 0.0171046332 -0.0310373213 0.0148292184 0.305082053 -0.162243277 -0.0574413352 0.171290502 -0.0929337218 0.0629487261 
-0.0936432183 0.111495018 -0.0550498255 -0.0431787744 -0.0160628837 0.0281521492 0.00106620649 -0.100998387 0.137330025 0.113204896 -0.250467032 -0.0288450997 0.0584623888 0.0474640541 -0.192720562 -0.0273378324 0.133131549 -0.0576211549 -0.15789178 0.235601515 -0.262037486 0.111946136 -0.0904610083 0.00651745265 -0.318042785 -0.0914288834 0.259831816 0.173162431 -0.0300052091 0.0144955618 0.196683556 -0.269174874 -0.120367438 0.0844247714 -0.00331491441 -0.171306849 
0.0078641586 -0.0709480271 0.0709947795 -0.0130158672 0.0892388895 -0.0639441609 -0.034596771 -0.0922240242 0.0775873959 -0.0497278459 0.0908556059 -0.0427529924 -0.127573758 -0.270222723 0.215198189 0.0848127902 0.026684938 0.0196453687 -0.152378663 -0.29087007 0.164268002 -0.080183208 -0.0246705394 -0.16341348 -0.193077877 -0.271608949 0.199886709 0.0351350121 -0.144805893 -0.0416765064 -0.199779883 -0.230524719 0.267815083 3.29292379e-05 -0.0345661864 -0.150506854 
0.0716848299 0.0307231508 -0.132126704 -0.0848066285 -0.0594816729 0.184465513 0.0836182535 -0.0230898317 -0.150391936 -0.15460746 0.0592111908 -0.00290455087 -0.0379667804 -0.0159436613 -0.173572138 0.0714933798 0.098576583 0.0244053509 0.0681041852 -0.105269663 -0.354309231 -0.246268049 0.0343173668 0.0577350073 0.257527411 0.0196273755 -0.391756922 -0.193699598 0.121185392 -0.0866374522 0.202192098 -0.48577252 -0.188292295 -0.0956869647 0.0506578013 -0.158812597 
0.0413796529 0.030040374 -0.0187144261 -0.0383994132 0.199831039 0.0505152829 0.0111721521 0.0430302024 -0.0655168444 -0.0612918809 0.0481420755 0.0546400696 -0.0516528785 0.141679987 0.0437234528 0.185566261 -0.114891507 0.0263281651 0.0125063807 -0.0502238125 0.113973685 -0.00156994141 -0.0209403373 0.0706036463 -0.00665808422 0.119526066 -0.312296361 -0.224235103 -0.0444651544 0.0261139348 -0.0561308526 -0.317026198 0.412797332 0.0983676165 -0.0467559174 0.029261291 
-0.0409223735 -0.0846926346 -0.0800920501 -0.0438883081 -0.0695851296 -0.0128835579 0.0417874008 0.0364734419 -0.0524504222 0.0571481958 0.0135524096 0.0495945327 -0.0567830689 -0.118688978 0.0175291393 -0.0156718921 -0.0630848184 -0.0498263128 -0.090318881 0.043326132 -0.0888926759 -0.0374443978 -0.0711908862 -0.0086780088 -0.128635153 -0.0567946173 0.0378658846 -0.0402035303 -0.0218804199 -0.0341097116 -0.0681635067 -0.0689423829 -0.0443764254 0.00762600359 -0.0903505385 -0.0765487254 
0.0606252775 -0.116604812 0.0551851802 -0.0467448831 0.120590582 -0.0656291768 -0.0877748281 0.0871225074 0.0901613459 0.0375631824 -0.0230483357 -0.045785103 -0.0913852379 0.0105353957 0.0247457996 0.074352622 0.00879108906 -0.0896752626 0.0183580313 -0.0560304001 -0.0183594599 -0.0727595687 -0.0577575974 0.0332586579 -0.538947344 0.229013279 0.119560838 -0.164272845 -0.143561706 0.0486162454 0.286550164 0.00820956007 -0.539604366 0.0586694852 0.0235276353 -0.103962213 
0.145009473 -0.14944306 -0.1596618 -0.0640542209 0.099343352 -0.216465771 0.0653099418 -0.215667859 -0.0655534714 -0.083455205 0.102100246 -0.327039003 0.140332431 -0.0305886939 -0.122343704 -0.0179540198 0.129858688 -0.159559458 -0.0165961888 -0.168953642 -0.00810008682 0.0724868551 -0.0225503054 -0.0934102014 0.108429611 -0.289470702 0.000943704275 0.0260575581 -0.078464143 -0.373770684 -0.377409816 0.181018084 0.132812366 0.0125466762 0.131142691 -0.0743947476 
-0.0133436667 0.0807267204 -0.0715958774 0.0790055916 -0.103180975 0.0564232282 0.00273058726 -0.179771319 0.180917263 0.0840595365 0.0815932527 -0.0805669874 -0.16538769 0.0731390119 0.129251063 -0.0840572268 -0.204431713 0.118235916 -0.172109216 -0.0744320154 0.0760310888 -0.018101139 -0.0507531315 0.0212548152 0.187261 -0.12854065 -0.54765296 -0.104654282 0.0653214008 -0.249248818 0.228724062 -0.366495401 0.0951611847 0.110578924 -0.0719398111 0.0509365387 
-0.0237951074 0.141902432 -0.0939917117 -0.189534917 0.0188201629 0.0886004493 -0.00214658375 0.114083566 0.0816770718 -0.055152338 -0.115151905 0.102399409 0.0510413498 -0.010724538 0.0111905923 -0.0604844466 0.144093856 0.00577821257 -0.321931154 0.102673747 0.115978502 -0.0608100742 -0.0360952839 0.0452436805 -0.0291425902 0.0809907466 -0.268505663 0.133794829 -0.111781202 -0.127689645 0.135481775 0.0718618631 -0.218849346 -0.0294860788 0.0536271073 0.163710803 
0.138900474 -0.0662458763 -0.177738786 0.0168899149 -0.0384816006 0.104825221 0.0273901261 0.157131851 -0.194501579 -0.0382456742 0.201547071 0.0195659231 -0.189923644 0.163043037 -0.166353315 0.0992864519 -0.0290200133 -0.11779201 0.0572176538 0.0628233626 -0.0913490728 -0.0811212435 -0.0746615157 0.129371971 -0.172082439 0.0913145095 -0.0825181529 0.102379069 -0.0226019043 -0.0280369315 0.171806216 -0.458878547 -0.0193085223 -0.217511669 0.153524011 -0.326689363 
-0.0360064507 0.0149361202 -0.110841624 -0.0491468944 -0.0523797795 0.159191281 0.0151430452 -0.112104364 0.0294881612 -0.000597595237 -0.206085071 -0.027165737 -0.20824793 -0.0358557217 -0.0377249233 -0.168714479 0.0792118683 -0.127663344 -0.209743053 -0.0408167578 -0.197146147 -0.0381325483 -0.236152053 -0.0514824055 0.168432504 -0.159484759 0.0805128366 -0.0595648251 -0.16250594 -0.0172860101 -0.115817487 -0.0877377018 0.076253444 0.0554125458 -0.0505744778 0.000802334805 
0.100612767 0.0557836853 -0.0663476884 0.143104151 -0.0125392796 -0.0838325247 0.00153545826 -0.010560886 -0.0904698148 -0.0141773233 0.0719047561 0.103187352 -0.0196931865 -0.195302993 0.0376557447 -0.048239816 0.093784757 -0.0904214457 0.028341962 -0.0246169418 -0.0171730854 0.101379015 -0.0751673803 -0.153282255 0.0580468513 -0.0914577618 -0.0669848099 0.144583568 0.0204466246 -0.273041844 0.178823456 -0.131689131 -0.20312801 0.0403135531 -0.239506707 0.229460075 
0.0387499444 -0.00481492048 -0.0582774691 0.000384703162 -0.117152542 0.0706119165 -0.177210346 -0.0433543995 -0.122232608 -0.102217518 -0.0805689767 -0.0776315555 0.0684934631 0.0307660196 -0.0241324585 -0.0238568801 -0.055985678 -0.0535366051 -0.101991042 -0.0637896881 0.0304129105 -0.0794220641 0.0439097919 -0.0205734987 -0.00415140111 -0.087635681 0.00537357852 -0.167987555 -0.0436646007 -0.110923924 -0.0378531814 0.0510996617 -0.0825621933 -0.0919985548 -0.0665578321 -0.0216905065 
-0.00454670237 -0.0690257177 0.0653808415 0.137446702 0.0554344505 -0.214744225 -0.0364892855 -0.0482478403 -0.00282695238 0.0187249668 0.167316139 -0.22738938 -0.185298055 -0.0178049244 0.239202514 -0.108470209 0.188358948 0.0166440569 -0.0279298257 0.197699174 -0.0420148559 -0.0168547761 0.0391417481 -0.0217472166 -0.0369751863 -0.166885704 0.202248648 0.0778983384 -0.0594560392 -0.102551304 -0.467822909 0.278679818 -0.161297336 0.0430646874 -0.291640043 -0.018698426 
-0.0462554917 -0.11156933 -0.000926970271 -0.102091029 0.131790534 -0.0964940935 0.105084494 -0.187281638 -0.00108585204 0.0431732312 0.116402693 0.0383207127 -0.212787718 -0.158701062 0.0265485961 0.142083913 -0.0629267022 -0.215009406 -0.249420464 0.0938929841 0.0270267874 -0.014722798 0.0445842333 -0.014203188 -0.0171449389 -0.140130147 0.00279735727 0.0602719337 -0.295485109 0.0157093536 -0.011212267 -0.142237917 0.0933789164 0.0510240756 0.219382837 -0.333558232 
-0.112830892 -0.0555898957 -0.021976307 0.0277253315 0.0126612289 0.016114749 0.0341866091 0.0699127913 -0.0436372347 -0.0825666189 -0.080390811 -0.0391044915 0.00951176882 -0.0589813329 -0.019143207 0.0152275367 -0.0944906771 -0.0226114169 -0.0703830346 0.00290201604 -0.0336581171 -0.00611449033 0.0132948114 -0.0349158347 -0.0840312019 -0.0454157665 -0.017605558 0.0083816871 -0.0856914297 -0.0233796965 0.0726966411 0.0381463841 0.0122860894 -0.0385911874 -0.0925701037 -0.0752056763 
-0.049814973 -0.0207572486 0.148940042 0.111378081 -0.190966874 0.021584833 -0.089094311 -0.0752258003 0.223212883 0.178280666 -0.0696358383 0.155910045 0.0272079594 -0.116897129 0.091763176 0.0557686165 -0.0353848562 0.133672595 -0.0405465551 -0.132111549 -0.0371475033 0.0874382406 -0.025235571 -0.0423969999 0.172293618 -0.0704651922 -0.0556312948 0.154408187 -0.0168170128 0.0272385385 0.209420949 -0.202217624 0.0382145233 -0.134399816 -0.00913767423 0.0696761459 
0.0177363921 0.0193924364 -0.0586082451 0.00200078567 0.233862132 -0.118225366 0.0138280978 0.140197366 -0.123177171 -0.0428693481 0.0930710584 -0.16575247 -0.0299031604 -0.0215041898 0.0733015984 0.164238602 -0.0159441996 -0.121932767 -0.132209599 0.119984642 -0.102127738 -0.189772546 0.0117390351 0.127886757 0.0408509336 -0.142481282 0.117488883 -0.133582026 0.108740561 0.00264162594 -0.0725093335 0.0262887999 -0.249543056 -0.243038431 0.290214628 -0.294395179 
-0.213191316 0.200057402 -0.142292529 -0.16621998 -0.0508178286 0.283923298 0.14030531 -0.036995519 -0.0476808138 -0.0898871198 0.173973233 -0.0269700941 -0.0840209648 -0.00745960372 -0.307941377 -0.00193381123 0.0296760704 0.00830927119 -0.061491549 -0.0627248287 -0.0422539674 -0.109665453 -0.145427927 0.0765483007 0.0904463008 -0.196362913 -0.275146186 0.0228024218 0.128879055 -0.143178374 -0.110807121 0.230208009 -0.26721406 -0.108909085 -0.0881632864 0.031658873 
-0.117447883 0.0498341136 0.0735415965 0.159169152 -0.163805246 0.122109659 0.0708247572 -0.202311888 0.152865946 0.189016998 0.0450105295 -0.104194328 0.0581358708 -0.080903098 0.0820972174 -0.0943886861 0.157112569 -0.0536866933 -0.0860559568 0.163965553 -0.210366398 0.0966634229 -0.00397031195 0.00418334734 0.256432474 -0.111612938 -0.167091712 0.221186638 -0.052222535 -0.176557228 0.420262635 -0.233858213 -0.35957858 -0.0905032456 0.0164866224 0.0849055722 
-0.198903188 0.206393838 0.076398395 0.0331614278 -0.113328248 0.121646732 -0.0907372236 -0.0529698543 0.217061073 -0.182097048 0.0998841599 0.16633682 0.155017853 -0.0591639169 -0.140151769 -0.0982263833 0.0217001922 0.103214689 -0.166790232 0.010970409 0.100378387 0.0313885286 -0.0590442009 0.00567658059 0.221802518 -0.115756132 -0.370212764 0.0973520204 0.0729300007 -0.0808657929 0.0575989783 -0.0316873714 -0.1046983 -0.184078142 -0.119996428 0.024350645 
0.082636632 -0.0832722485 -0.00210018945 -0.0898268819 -0.0116861714 -0.147910327 0.0510722473 -0.116811663 -0.0468683727 -0.034678366 -0.0147261163 -0.0623221509 -0.00450578844 -0.0718117654 -0.0650157332 0.0861489773 0.0354820378 -0.127068356 -0.0480541699 0.0562579744 -0.0418420434 -0.0208525006 -0.0879193991 -0.0999954939 -0.0412384905 0.0552165769 -0.0349112228 -0.13764441 -0.104160532 -0.0129161756 -0.202396125 -0.010268325 -0.126222402 -0.0265977569 -0.0617925562 -0.0585913695 
-0.0550416447 0.0247638822 -0.055226285 0.0167687163 0.0533958115 -0.00704744505 -0.0742462352 -0.0507118963 0.194891512 0.170965642 0.00838058721 -0.111364543 -0.121138595 -0.173341006 -0.116018951 -0.0706401318 -0.0386765152 0.0320724584 -0.0664999783 -0.0627840236 -0.144019231 -0.0934736431 -0.11442969 0.0708489046 -0.00488565816 -0.341126382 0.215464041 0.0113665303 -0.0392840654 -0.145037085 -0.00236095977 0.0107523743 -0.430642784 -0.176295251 -0.0913362131 -0.026028147 
-0.0765293986 0.042152293 -0.0255789962 0.145806283 0.0694215596 0.031288635 0.0290273465 -0.0171145275 -0.0342077166 0.0617296025 0.0266420413 -0.0118533727 -0.170654267 0.0733841062 -0.00452829152 0.0557839349 0.0204028506 -0.0521892123 -0.150995448 0.153673664 -0.0240203049 0.0452403575 -0.0512023866 -0.182176396 -0.807200253 0.0707488507 0.380920976 0.02583161 -0.151324421 0.0076173353 0.119114563 0.277438849 -0.432844579 0.156506762 -0.197832122 0.00703835813 
0.140224338 0.0191148687 0.0706158802 0.135578439 0.168454483 -0.0579883568 0.0146099478 0.232688129 0.0189802404 0.0430443846 0.142596632 0.084546417 0.0508492738 0.0706262663 0.186197668 0.0274116695 0.209807962 -0.0844744071 0.034366902 0.0961574093 -0.0516707003 0.22864452 0.00930306315 0.0797455534 0.0219707489 -0.0803268105 0.276830226 0.107086867 0.0190695729 0.0913369805 -0.141065449 0.120943196 -0.000405763218 0.239840701 0.0995331556 -0.0279462542 
-0.179979801 -0.199704096 0.189276025 0.115647428 -0.192274153 -0.170064241 0.0542780049 0.0122233527 -0.10006845 0.0734001398 0.0193604827 -0.0561800078 -0.27801013 0.243528068 -0.164923668 -0.416795284 -0.0518613085 0.0944999456 -0.0812581703 0.0240533426 -0.209640235 0.0153442323 -0.189838693 0.0572465993 -0.0990558714 0.09840177 -0.068513833 -0.0853426829 -0.0182521343 0.00293435529 -0.028028924 0.0763374195 -0.133053109 0.0740511492 -0.0498033799 -0.0846996754 
0.110660739 0.0279089548 0.104985632 -0.12358097 0.187287375 0.0705130696 0.0263487119 0.169459969 0.01451681 0.0766966641 -0.0146448771 -0.0970803797 -0.110275365 0.0616356656 -0.0791554525 0.0856994763 0.0413928293 -0.0337536782 0.0236801263 -0.134598598 0.159403056 0.0489856824 -0.0381210968 -0.0501106121 -0.416933447 0.0391322635 0.292722642 0.0305340122 -0.233098567 0.230078146 0.340679973 0.0188155975 -0.324636579 -0.132949308 0.199455798 -0.162677348 
-0.0271830913 -0.0179885607 -0.0768523961 -0.0731490776 0.078927733 0.0338705853 0.0235005785 -0.0249282252 0.0546192564 -0.0202428512 -0.0425963327 -0.00812490378 -0.0104765967 0.0706351325 -0.0405288599 0.0672518462 -0.0300987847 0.0322346352 -0.116151758 -0.0699787959 -0.05095236 -0.0276970956 0.00338798529 -0.0239752214 -0.0689775273 -0.140179738 -0.0859812722 0.0347424001 -0.0381298997 -0.0372412056 -0.104965135 0.00469870539 -0.041024901 -0.0234273728 0.0095428098 -0.0544973239 
0.20610489 -0.154923275 -0.199002117 -0.219442874 0.182870537 -0.206355348 0.136546314 -0.444110543 0.0176302083 -0.273870796 0.154754013 -0.349015802 0.131267607 -0.143165767 0.137033701 0.125883371 0.024784347 -0.290259331 0.0611226037 -0.287001967 0.0809693635 0.0442910194 -0.0254956409 -0.150189862 -0.0578368194 -0.20318152 0.257047385 0.0383748896 -0.0462571196 -0.2877841 -0.27220118 0.0568953827 0.0493249074 0.111149132 -0.0183881614 -0.127523243 
0.0418724641 0.0131132565 0.0187095013 -0.038225621 -0.0889766514 -0.0312589929 -0.0861274004 -0.0823844671 -0.12665306 -0.0242325086 -0.0019602587 0.0263014697 0.0431763008 0.054086931 -0.0312044788 0.0570193417 -0.0884646028 -0.0882045552 -0.0239275247 -0.107348263 0.000728946645 -0.0495060459 -0.0664244145 -0.0882131234 -0.0375056863 0.00716199353 0.0492642485 -0.0485881008 -0.0681688935 0.021739861 -0.0398154967 -0.0402207784 -0.00194011955 -0.107835919 -0.0862068087 -0.114017785 
-0.052142743 0.204013869 -0.0959158093 -0.07188458 -0.111240551 0.0973997563 -0.0477331094 0.176539257 -0.0431946516 0.0804034024 0.0370247252 -0.102680124 -0.0395211577 0.185481861 -0.226440087 0.0287655629 -0.170574829 0.135263085 -0.0705568716 -0.000757927308 -0.0813748091 -0.347203523 0.0852517188 0.192509919 -0.395929635 -0.14578405 0.32004115 -0.0499348305 0.0982132629 -0.0737752542 -0.164723068 0.0687891692 -0.0729677752 -0.0720522627 -0.0205370057 0.161759764 
-0.00421368936 0.0536754653 -0.0401046351 -0.026314605 -0.0573481768 0.202054694 0.093471624 -0.103771999 0.0435769707 -0.0295978934 0.108405396 -0.200316072 0.127834514 -0.0335992165 -0.12236242 -0.230556682 -0.0446802974 -0.0349724218 -0.152753353 -0.0628108233 -0.0456918776 0.0915924758 -0.0869671479 0.127210885 0.098235108 -0.27127406 0.037377771 0.191473037 0.067522645 -0.359503746 0.212192684 -0.268562704 -0.311430424 -0.136300892 0.115226306 -0.0118466616 
-0.121461987 0.204882324 -0.0715988651 0.0386023968 0.230790585 0.0546907187 0.0669291392 -0.128254116 0.181255862 0.200023517 -0.0110580772 0.00989189278 -0.0193307567 -0.00588661898 0.226825282 0.0965765938 -0.0448810644 -0.0153757744 0.00531067327 0.0211697184 0.0366393402 -0.0741371587 0.110806003 0.141416982 0.272902131 0.148891941 -0.26921314 0.0246745665 0.212511241 -0.0575823747 0.228579104 -0.0189843569 0.0704745501 -0.0848008916 0.360294014 -0.0802462026 
-0.118279219 -0.0412468128 0.0470547974 -0.0051865261 0.0221237577 -0.0418762229 -0.00441356562 -0.186720654 -0.149481833 -0.065847218 0.048484318 -0.140359908 -0.122557223 -0.0391006432 -0.0649690107 0.0160895027 -0.00680620503 -0.0557033643 0.0101123163 -0.093480885 -0.0880405307 0.0436501801 0.0338217728 -0.00702666817 -0.119600669 -0.0979329199 0.0053132656 -0.0502205379 0.0195389073 -0.18260324 -0.0357316434 -0.0946347043 0.049421303 0.0476066135 -0.0708888248 -0.0374295637 0.0580879115 -0.0675919577 0.0225467738 -0.0384444445 -0.0498973168 0.0151354009 -0.0770340934 -0.176377147 -0.0736112744 -0.206056952 0.0693092495 -0.0114243906 0.110243008 -0.0334170088 -0.117697224 -0.157864228 -0.104064152 -0.104373142 -0.0454301462 -0.0315177999 0.101656429 0.0120273195 -0.0883047283 -0.122442372 0.0288852751 0.0261314251 0.0348782688 -0.136511341 -0.147561893 -0.0599722937 -0.0815060437 -0.0862299278 0.0437319912 -0.0737497211 -0.0747760385 0.027451992 -0.0900503397 -0.151096031 0.0609426759 -0.114803068 -0.173257992 -0.182702824 -0.0653841645 0.0495002493 -0.116292171 -0.0718534514 0.15319559 0.111151844 -0.0987528935 -0.190396503 0.065080449 0.13515994 -0.0740515292 0.00442157313 -0.196705922 -0.083949104 -0.100630917 -0.0203166381 -0.186442822 0.112471677 
-0.129052162 -0.02234805 -0.0566513836 -0.319249362 -0.0890005305 0.0670646876 0.080159992 0.014695554 0.00900726579 -0.0155716008 0.00551605644 -0.00254518725 0.0269549452 -0.0929562896 -0.00642282329 -0.0532713123 0.09480986 -0.012780183 -0.145836085 0.00556132244 0.00591950817 -0.0266943034 0.0390013717 0.01341822 0.0241305549 -0.0878240839 -0.0761547312 -0.028809661 -0.155017719 -0.0392394178 -0.103902355 0.0347417593 0.0146621522 -0.0213106703 0.0957628191 -0.0301545002 -0.0332887396 0.090258576 -0.0301875845 -0.0332036875 -0.044091545 0.0295408722 0.0126938978 0.0409267843 -0.0206333566 0.0484030396 -0.0758229718 0.0653281733 0.0441735238 0.0155279264 -0.260415584 0.0467254966 -0.0876070932 -0.00991363823 0.0112231206 -0.0228731539 0.050303638 0.0862593725 -0.117389716 -0.0166585892 -0.209984198 -0.185792416 0.0185897984 -0.100179024 -0.0526059009 0.127018109 0.00174950436 -0.0862160549 -0.051508572 -0.0803843588 -0.0825467557 0.0494032614 0.058508411 0.0539417565 -0.120532498 -0.0264045093 -0.103720263 0.120185748 0.0467698462 0.0250472799 -0.0734027401 0.100419238 0.0427828208 0.0821055025 0.0958917439 -0.0292069912 -0.111073807 0.00629548915 -0.110206693 -0.0980328023 0.0193072837 -0.0764802769 -0.049957104 0.148141876 0.0627680719 -0.269514829 
0.0110062528 0.0708145574 -0.0753257498 0.0146823721 -0.0766381919 0.0419700332 -0.00427377922 0.0140875634 -0.0675719231 0.0314215124 0.0353854895 -0.105841264 -0.00992278755 -0.0357860401 -0.0297369342 -0.0955901891 -0.0573513359 0.0642888322 -0.0565048419 -0.144285858 0.0503231362 -0.0361954123 -0.0254501402 -0.037440829 -0.120992742 0.0536878593 -0.0962803438 0.0517971516 -0.088430889 -0.0486600958 -0.0191703364 -0.121695265 0.0572230928 -0.0524949953 -0.121550627 0.0595415942 0.0378743559 -0.0519485138 0.0492361225 0.0234436486 -0.0841717944 0.0242691785 0.013269214 0.0116864815 0.020249946 -0.0539665893 -0.0793559477 -0.0268515702 -0.124652535 -0.0639047027 0.00200707209 0.0769327506 -0.00527228415 -0.0120778251 -0.0801790953 -0.0745356753 0.0291186441 0.0468480177 -0.135919854 -0.0512041003 -0.0206642114 -0.0931410417 -0.0975253582 0.0162969641 -0.0408738479 -0.0616333671 -0.0331330635 -0.0913713425 -0.0931164548 -0.025466023 -0.0760896206 0.00302078156 -0.138535798 0.0244670901 -0.0951918811 0.0272611007 -0.113860026 -0.0908255577 -0.0240294188 -0.144289687 -0.0353007801 -0.0927318856 0.0120030083 -0.135871887 -0.128414646 0.0681608841 -0.104274943 -0.152580157 -0.0449373014 -0.0664494187 0.0512200445 0.0565720983 -0.0333010107 -0.0401756018 0.00253545307 -0.0456822142 
0.510149658 -0.073826991 -0.0889699161 -0.00140434899 -0.077698648 -0.0333900452 -0.116167918 0.113718927 0.0651737377 0.00021451214 -0.0256052297 0.289902031 -0.124909163 -0.0854510292 -0.151415303 -0.0635948479 -0.0909034461 0.0719564185 0.372813076 0.143286064 0.219234347 0.00540211238 -0.150188074 -0.0688452944 -0.167075038 0.229433283 0.00635966053 0.173681155 -0.207164243 -0.139585048 -0.0721843094 0.191388756 -0.0227256268 -0.142035872 0.07210733 0.178142995 -0.266229898 0.400737673 -0.0443308279 0.185990006 0.0585759468 -0.20441848 -0.101587683 -0.167127013 0.233033359 -0.215477049 -0.196409002 -0.304396689 -0.174761012 -0.00953432079 -0.383685231 0.141258597 -0.138005733 0.0327448696 -0.250713617 -0.0433188528 0.0130286347 0.108766787 0.037216071 -0.0606266782 -0.169610068 -0.155411556 -0.143415317 0.293696344 -0.279833466 0.049558416 -0.117747508 -0.0465193354 -0.112599842 0.0152335381 -0.210252866 -0.218125507 -0.038630899 0.0514683016 -0.080211103 -0.0535618588 0.372266144 -0.158294961 -0.0188933741 -0.0740510225 0.206010446 0.0658267066 -0.161281079 9.34015334e-05 -0.0881341696 0.318852454 0.303796142 0.153352454 0.153055057 -0.0589049645 0.0363718234 -0.200889707 -0.0185709614 0.152610675 0.117333956 -0.382473946 
-0.0650823861 -0.167146176 -0.00374796567 -0.183128357 -0.193863139 -0.153860927 -0.150153324 0.0831117034 0.279959321 -0.0709314048 -0.129392281 -0.105425455 0.390260935 -0.0320826061 -0.155326918 -0.108587414 0.137663946 -0.0454059094 -0.170006603 -0.00101683533 -0.265585005 0.178969055 0.054477226 -0.162561178 -0.0980760381 0.17692253 -0.0134605449 -0.107158631 -0.100565471 -0.148217246 -0.0356581882 0.0095254099 -0.252198577 0.436883181 -0.0462556258 0.226709291 0.00972085446 0.144363239 0.0982005447 0.0386715904 0.0178226978 0.124715075 0.121420518 0.589993954 -0.0212006066 0.0505192541 -0.0171866063 -0.0297653675 -0.0181208719 0.298285335 0.160604268 0.0348841473 -0.184412301 0.601174176 0.2656672 0.372802973 0.411505669 0.00467966311 -0.0351065621 0.548776805 0.203358486 0.0665122047 -0.232581362 -0.213383481 0.185093969 0.226319447 0.251707792 -0.064493835 0.212217942 -0.174410716 -0.291955501 -0.105243385 0.310744256 0.0421386473 -0.311028808 -0.00905938912 0.054749459 0.0696715713 0.00361955562 -0.160266981 -0.0439654775 -0.0641583949 -0.147530913 -0.227775708 -0.0701869726 -0.117350489 -0.270562142 -0.258389294 -0.00953694712 0.273810327 0.0540206209 -0.241214067 0.00793539174 0.248430789 0.0188276004 0.0996551439 
-0.184985936 -0.02043988 -0.236855462 -0.00175862585 -0.232812464 -0.168087572 -0.0525251888 0.0550938584 -0.169839844 -0.106746525 -0.118152536 0.0174284298 -0.191345423 -0.0145264314 0.0176626649 0.181992173 0.0262179729 -0.00540726492 0.0761351138 0.126101717 -0.257463992 0.223075628 -0.16536954 -0.0317209624 0.305818826 -0.143254578 -0.0910720006 0.174433053 -0.202637792 0.12223193 0.0264949389 -0.0303700231 -0.115549453 -0.347281575 -0.0749524683 -0.194738925 0.208849579 0.10358464 0.0899768621 0.198174939 0.109010965 0.0220522732 -0.176307857 -0.238295943 0.0556408837 0.264474154 -0.182751819 -0.116304792 0.140577152 -0.218769431 0.116414912 0.0419662893 0.172335476 -0.0929931328 -0.171344325 -0.157674193 -0.00589799974 -0.243947312 0.0294484794 -0.110455871 -0.0142451897 0.29384613 0.0632871464 0.191328526 -0.0294694677 -0.094512701 0.21749793 -0.0155945104 -0.014956994 0.0792978257 0.184361532 -0.20361805 -0.0871032253 -0.121578038 -0.0793278143 0.0898478925 0.170551628 0.152821615 -0.0603531189 0.125020936 -0.000907388632 -0.172330305 -0.074920699 0.0406411774 0.0291674379 0.130598679 0.0636043847 -0.122627385 -0.150509179 0.190483108 0.0470997207 0.220633656 0.026002977 -0.425655425 0.211441293 0.33651334 
0.120576441 0.0902688727 0.0377650633 0.0304316375 -0.0425952561 0.194114968 -0.0886245072 -0.0259473789 0.542130947 0.102132678 0.078047581 0.142706364 0.170366943 -0.0284929182 0.0237185061 -0.152950361 -0.0312414169 -0.043822892 0.255731106 0.145712391 0.301776081 -0.218747437 0.197040766 -0.14875482 0.240321964 -0.0115123708 -0.0394495949 0.0653685853 -0.19739975 0.0818532035 0.161109865 0.414892435 0.0568314232 0.0444928482 -0.0612140894 0.0570778511 -0.0479053371 0.0861471221 -0.0301302206 -0.162200496 0.0821889937 -0.0269431453 -0.10913226 0.0519370995 0.0501313098 0.0109619638 0.0588116199 0.173538849 -0.143996298 0.390418857 -0.143111289 0.0386231393 -0.0819820687 0.0695414916 -0.0417394601 0.0466426425 -0.258260638 0.181565687 -0.0247501824 -0.0627910122 -0.21052599 -0.290919781 -0.0609654859 0.126483187 0.225533456 0.197366446 -0.0843346119 -0.060548611 -0.2294157 0.169415146 -0.184871748 0.00579648698 0.0270900279 -0.0969302058 0.0240540169 -0.0149187595 0.253890216 0.0346065797 -0.0341493525 0.0103055714 0.0896734595 0.172534779 0.178255796 0.0240742154 0.00129629124 0.165784433 -0.108258039 0.135559484 0.159125879 -0.129126459 0.109959841 -0.0368117206 0.018131692 0.298546612 0.0557521284 -0.139654592 
-0.0550259762 -0.0484589152 -0.0732734203 -0.0961271077 0.221002042 0.076531224 -0.0294508412 -0.032425005 -0.130117059 -0.270276427 0.0160276014 -0.23110117 0.271538913 0.297580808 -0.0589169413 -0.258656472 -0.0338467583 0.0617721006 -0.228349 -0.470807165 0.0605405495 0.395114392 -0.1065249 -0.359668583 -0.0992979854 -0.275920868 0.0169815738 -0.119426861 -0.357968509 0.325379968 0.0547164306 -0.211425886 -0.0777425915 0.272725344 0.0337614194 -0.150583714 -0.478057235 -0.119456455 0.240080461 -0.311789244 0.0315122269 -0.397354484 0.0602488257 0.184822649 -0.172919244 -0.176930666 0.101105124 -0.185737953 0.245115399 -0.133649498 -0.195069805 0.0207960792 0.155362681 -0.293027878 0.10053391 0.124855399 0.0442380197 0.222568825 -0.277018845 0.314090937 -0.305954427 -0.0137481224 0.123789094 -0.178961501 -0.3901214 0.427033544 0.0430389903 0.0956614092 -0.395081788 -0.0958989859 0.0453064702 -0.0935058817 -0.191640511 -0.168756619 0.0665358379 -0.00853754487 0.0212268196 -0.385459244 0.0368041024 0.0931630656 -0.102241673 0.0872177705 0.224082038 0.0417766832 -0.119204231 -0.0902333781 -0.491034329 -0.148140281 -0.22571376 -0.315434784 -0.132026121 -0.0606348924 0.0399597958 -0.360616505 0.397922218 0.0928398967 
-0.178533509 0.0332523771 -0.226251841 0.159454495 -0.0978099629 -0.123493083 -0.0890038013 -0.0097020017 -0.0985791683 0.14307557 -0.00269768969 0.0167296845 -0.179167405 0.137667283 0.171984509 0.291591436 -0.0442490503 0.0340827592 0.0311726425 0.189752981 0.07628759 0.0356977284 0.0205197856 0.0816799179 0.208805472 -0.0566186085 0.063044183 0.116208099 0.0388533771 0.0225402564 0.147496387 -0.0101189651 -0.0718392283 -0.302515864 -0.0902369246 -0.21090591 0.232516885 0.153185844 0.154989138 0.343622953 -0.144135058 0.0480796061 -0.247528493 -0.220795915 0.0498141348 0.269852459 -0.194245607 0.055734016 0.0563375391 -0.149027616 0.252085268 0.00375329982 0.183337018 -0.25206694 -0.196760356 -0.262093842 -0.073684603 -0.213400304 0.299874753 -0.157753319 0.101435021 0.202493817 0.0412352905 0.307038188 0.00995215587 0.115121402 -0.02564786 -0.0544013679 -0.0805809945 0.0978332758 0.153836861 0.169920281 -0.138357773 0.0488687791 0.0181058533 0.073766008 0.220605642 0.145643398 -0.0146910623 0.0568404794 0.0173571203 -0.0225171894 -0.0343439654 -0.11768429 0.0165430494 -0.127171159 0.0747149363 -0.2726008 -0.0652170554 0.25864774 -0.045835454 0.182706743 0.0435099378 -0.320539743 0.195762217 0.339024186 
-0.197809711 0.113741264 -0.263249338 0.287207693 -0.264487505 -0.636575043 -0.150490627 0.0167937409 -0.477019191 0.326453626 0.0156492181 0.0719799846 -0.0866748765 0.114689775 0.340175122 -0.188387439 -0.0478320383 -0.000277996063 -0.339655489 -0.0266137142 0.0241801199 -0.178350419 -0.0108639291 -0.178860933 0.0937012061 -0.0230779219 -0.0515024215 -0.0283391383 0.2112526 0.15065451 0.143829077 -0.077216208 0.11992798 -0.0936658308 0.185471818 -0.468275994 -0.0864124596 -0.267783821 -0.0697830692 0.453010798 0.00918551721 -0.381163776 -0.01990279 -0.0446804129 -0.232767731 0.202817619 0.0316693522 0.0955575854 -0.332502097 -0.354846656 -0.114699058 -0.0256172158 0.0847173035 -0.114139378 -0.352946758 -0.331447333 -0.330331653 -0.185854062 0.0818610936 -0.297917485 -0.00317560392 -0.128249496 0.105131216 0.157211617 -0.125647947 -0.0122185145 0.0819041878 0.0424871668 0.0655103028 0.142732307 0.0950636715 0.1070816 -0.23797375 -0.121080041 -0.0554608703 -0.0259977989 -0.0439004153 -0.213425979 -0.0105799586 -0.245143399 -0.126111671 -0.0503393188 -0.145048454 -0.320479333 0.0446912721 0.0369101763 0.325261533 0.021779608 0.128566429 0.0424056463 -0.0421602726 0.176708594 -0.0253345277 -0.114916198 0.189545944 0.240243047 
0.30108276 -0.0757247657 -0.089632839 -0.159515202 0.140497342 0.0533755906 0.0281173531 0.092234619 0.24778901 -0.073858276 -0.0111373058 -0.124673255 0.291486084 -0.0791854337 -0.0592979342 -0.239171803 -0.0524623953 -0.0440878123 0.129429072 0.213849589 -0.126502141 -0.0236779787 -0.115760878 -0.00592864957 -0.0633394197 0.237592205 -0.070449993 0.149724394 -0.0607879087 0.255823582 -0.0365769789 -0.0165724009 -0.12060082 0.27695471 -0.062796481 0.278410673 -0.0750626773 0.139536634 0.157406449 -0.052451279 -0.161191806 0.0566224903 0.109542646 0.549326122 0.0189501289 0.0423045121 -0.0550915934 -0.0262607355 -0.032786943 0.0957524404 -0.107378833 -0.000511360995 0.0543966293 0.310623139 0.0364463143 0.00152464025 0.136586279 0.164882138 0.0616796501 0.306782126 0.123876944 -0.00297034415 0.0434420034 0.0780618191 0.102510042 0.428452104 0.252754986 -0.0746856108 0.128626719 -0.00734671252 0.0157831647 -0.0599304512 0.113907047 0.18746452 -0.156615987 0.0859130621 0.075608246 -0.108798996 0.0737046078 -0.229893476 0.195049644 0.174875274 0.260943145 -0.162283927 0.0530623272 0.0900416672 -0.0501113273 -0.276277274 -0.0718241557 0.117424093 0.122710221 -0.0654331967 -0.0290558003 0.304115832 0.197979629 0.00399606815 
0.0694393963 -0.0310634095 -0.0869030207 0.0170511622 -0.0303923134 0.053421393 0.0590190962 -0.0300503056 -0.0806439742 -0.0534591116 -0.0375846289 -0.0548039265 -0.00756469416 -0.061563991 0.0286521949 -0.0593438186 0.0244459137 0.0839329734 -0.0294692125 0.0517988279 0.0155252451 -0.0636224747 -0.00577031635 0.0372992679 0.0446326248 -0.0317693986 -0.0163909756 -0.0290676877 0.0665727854 -0.0199884698 0.0717564672 -0.0211148914 -0.112757184 0.0318414494 -0.0561215281 -0.0621230602 -0.10724844 -0.0863605663 -0.069560878 0.00229522446 0.0837923065 -0.0608984604 -0.0124952123 0.0666745007 -0.0733373091 0.0598317161 0.0398016647 0.018878242 -0.108404517 -0.0256040394 0.0445399061 -0.123351634 -0.070979856 -0.0679718256 -0.0468101948 0.0363588631 -0.0786518827 -0.0187187139 0.0722130612 0.0389108285 -0.091936022 -0.0906415284 -0.0260388944 0.0667910352 0.0131763332 0.0700209886 0.0385680422 -0.0762049928 -0.00496749626 -0.1076153 0.00390881207 -0.0305674598 0.00258962158 -0.0197239313 -0.0853969902 0.0892742649 -0.0732848793 -0.0674123392 -0.0217392892 -0.0762313828 -0.0907588676 0.0382005684 0.0469328277 -0.132617086 0.0224112161 -0.0219370481 0.00294557936 -0.0792676881 0.0378825665 -0.103859775 0.0386638418 0.0640856028 0.0728328303 0.023824349 -0.0501916781 -0.0131358281 
-0.19512406 -0.0447857827 0.231396511 -0.104226135 0.164297938 0.0661019534 0.183404028 0.0582511052 0.189885423 -0.0304925703 -0.0512688905 0.501730144 -0.335340321 0.251877785 0.232259542 -0.0616489798 0.0750864297 0.0479642898 -0.121946469 0.159846112 -0.0388569273 -0.00616905233 0.11392609 -0.130447447 -0.129619479 0.136585191 -0.0125908926 0.0369409993 -0.0212493911 -0.0247265901 -0.0153772337 0.228949144 -0.0156941507 -0.0388186499 0.0681382492 -0.171391279 0.077860564 0.115314335 -0.164564133 -0.0399874076 0.0837206468 0.206656784 0.122654006 0.171431229 0.103272274 0.078209728 -0.00679808296 0.105016865 -0.112589829 0.106505111 0.456645966 -0.0392934941 0.071571596 0.138975084 -0.212805301 -0.142124176 -0.418724179 -0.112811618 0.0866515562 -0.306131274 -0.0163555406 0.244112819 0.14842172 0.000662984734 0.438011885 -0.182156965 -0.179934591 -0.101541825 0.0597233139 0.246731639 -0.0262909885 0.154429093 0.101252489 0.0005318654 0.129558921 0.0133260097 -0.305199653 0.379510224 0.00383156538 0.198337302 0.094849132 -0.0631995946 -0.325842649 -0.0364307016 0.0471744761 -0.00207048818 -0.0362698585 0.00172936858 0.0819688439 0.0351891965 0.0859608054 0.238276735 -0.068922475 -0.216016114 0.0611073188 0.294006467 
-0.183061674 -0.37780264 -0.108032838 -0.290625989 0.107835308 0.000626885332 0.106696814 0.0259226467 -0.00717180967 0.0512524545 -0.0863744244 -0.0442128852 -0.121399648 0.161801115 -0.0306728836 0.0253920257 -0.0314434543 0.0223177988 -0.0947373211 0.109497666 -0.0389357805 -0.0227519572 0.00502373464 0.0255122297 -0.126145422 -0.0718060061 0.0263076499 0.111532822 0.0045093731 -0.0962076113 -0.0730919987 0.08067929 -0.137863696 -0.0818104446 -0.0352398679 -0.0542706288 0.0817764029 -0.0773367658 -0.196739554 -0.0905204564 0.0140478788 0.0654295087 -0.204223365 0.471008897 0.123672612 0.238244697 -0.178319752 -0.0943484977 0.0259458609 -0.0691216663 -0.170476303 0.0818158612 -0.27216205 0.166853637 -0.138108119 0.100653432 -0.120436423 -0.292921752 -0.112650402 0.239135891 0.142901272 -0.11921601 0.0604299381 0.106277168 0.0956220701 0.199805543 0.0305039585 0.0464813225 0.0274570789 -0.0372928828 -0.0291016642 -0.0965023488 0.0832610428 0.0365225747 -0.100765206 0.056379158 -0.00249048136 0.0548945814 -0.00791396946 -0.144151151 -0.137835294 0.121925324 0.0976988003 -0.133820653 0.0843391791 0.000646729546 0.0605059452 -0.325382978 -0.105037436 -0.0167910904 0.00749519374 -0.238238156 -0.0685785636 -0.142866224 0.102472663 -0.0507971197 
-0.0865774974 -0.0648859814 0.0722710565 -0.0680091679 -0.0435535982 -0.117307529 -0.06765908 -0.0172826629 0.00260966341 -0.0887597352 -0.0932704434 -0.0165250264 0.0417599343 -0.0724561661 -0.0878082067 -0.0775689557 0.0284146238 -0.0508905724 -0.118677579 -0.0550524704 0.0493714288 -0.00675377343 0.0303265173 -0.0650136098 0.0543564036 0.00538593624 0.0627019182 -0.0176827759 0.0513198785 0.0104768192 -0.0896883085 -0.0341622941 -0.0879482701 -0.0869067609 -0.0975045115 -0.0932411775 -0.0791721046 -0.099386774 -0.0722845718 -0.0774867684 -0.043766357 0.0736591592 0.00441540172 -0.0588435605 0.00995323248 0.0422689877 -0.0851417109 -0.106543057 -0.0879008174 0.00817563199 -0.123314552 0.0236870069 -0.103176184 -0.0169829838 -0.0479732491 -0.0938362107 -0.0867275298 0.0523244888 -0.0439517051 0.0868489295 0.0553053357 -0.0237610284 -0.0638689846 -0.061214108 -0.0975362659 0.0875711441 -0.0698257163 -0.00144233555 0.0352777131 0.0628325492 0.00345353154 0.0672419369 0.00100729614 0.0799971744 -0.0717577264 0.0389043465 -0.0923997313 0.0532974675 -0.00651537627 -0.0164365992 0.036762245 -0.0562486053 0.0751869157 0.0219419114 -0.0610997528 0.0682037547 -0.0587082021 -0.130993247 0.0109225884 0.0284161251 -0.118377753 -0.0449341647 0.0794057921 -0.012881279 -0.0440397225 -0.0281192642 
-0.0481343456 -0.261382669 0.157435849 0.0127735296 -0.0248197932 -0.0122037083 -0.0181422774 -0.111117251 0.177826613 0.0265161153 0.0477928594 -0.164826348 0.00636919076 -0.028491402 -0.115492038 0.0638052374 -0.0317435451 -0.0951235145 -0.214971215 0.00673100445 -0.230770648 -0.0924399197 -0.198536575 -0.283557475 -0.117254183 -0.0687404349 0.0105325272 0.0592191331 0.0902936831 -0.0761577412 -0.0148133859 0.0321429856 -0.125954658 -0.109974526 -0.104451805 -0.0814959705 -0.0394617058 -0.100274958 -0.0272224005 -0.0852684751 -0.0214708615 0.0564317703 -0.0577562302 0.0404323861 -0.0819338113 -0.0710097104 -0.0174678508 0.000393808819 -0.0349776261 0.0118610319 0.120004073 -0.0849581957 -0.0942205116 0.166382998 0.0211260654 -0.064202331 -0.0151994228 -0.0436695144 -0.128479898 -0.0325886644 -0.0232328456 0.0457326658 0.00872193556 -0.206654564 0.157201201 -0.189046308 0.0934312567 -0.0451876111 0.0980989411 -0.138691902 -0.016265193 0.0805114657 -0.117423348 -0.0648758411 -0.212329894 0.0398646519 0.0017948962 0.00904611219 0.0537259206 -0.0367056839 -0.148217946 0.020080084 -0.0986404493 -0.0759926066 -0.00285428949 -0.0526239872 -0.159441188 0.0120050292 -0.0901584849 0.122544512 0.048826281 -0.0432557985 0.0533374026 -0.212134987 -0.155237228 -0.0073937648 
-0.0266778897 -0.132681116 -0.182115912 -0.196451098 -0.124765888 -0.157711074 -0.092014201 0.0302449372 0.161185265 -0.1514128 -0.0907267109 0.0727826133 -0.00101332471 -0.00520461425 -0.0504884869 -0.0589935146 0.0557213277 0.00994978566 -0.0136821959 -0.0176489409 0.00111068785 -0.00274086953 0.0328902118 0.102556229 0.00660454249 -0.064588353 -0.0325900801 -0.0302135106 0.0405968502 0.00668717315 0.00850939192 0.0619271472 -0.19202067 -0.0534594916 -0.108256191 0.110466622 0.127426684 0.0438367836 -0.143998563 -0.00422057882 -0.055321347 0.0704458803 0.0891851857 -0.00257021608 0.129787698 -0.034518607 -0.155608565 0.0582657456 0.0177088864 0.0583142042 0.0703645647 0.0683161542 0.0326108746 -0.118859358 -0.0164887626 -0.245990694 -0.130266249 -0.105958499 -0.214250207 -0.308935523 -0.115540661 0.063778989 0.00352679659 -0.124504544 0.102592304 -0.0440074243 -0.0873569921 -0.0260385592 -0.00104744209 -0.0100367377 -0.119589977 -0.035924226 0.0642678887 0.130740061 -0.0941972658 -0.0666356385 -0.01490412 -0.0385627635 0.0566757992 -0.0488565788 0.000653503463 0.0902310684 -0.124472126 -0.090897046 0.0641143247 -0.297502428 -0.0761200041 -0.190793589 -0.0822738782 0.0160449892 0.0462831035 -0.0355074033 -0.017410541 -0.115984544 -0.0542059205 -0.0778926089 
0.0953400359 -0.0645804033 -0.219311804 -0.182754517 0.0692762434 -0.162792057 -0.209449157 0.0528172255 0.0341655239 -0.257012814 0.0461227521 0.0560072176 -0.0402609743 -0.107567102 0.102954797 0.0549694598 0.0305158272 -0.103644975 0.0041384818 0.0791227892 0.144577324 -0.0326345488 -0.0503205582 0.0321061872 0.081809409 0.110472165 -0.0739359707 -0.0561997332 -0.0753455162 -0.0157063864 -0.27326107 -0.0319786482 -0.0930441245 0.0657516047 -0.143544272 0.225971073 0.165850252 0.0667339712 0.273785889 -0.124423489 -0.153557092 0.147886574 -0.104828238 0.272650808 -0.025424337 0.0708037391 -0.137930259 0.187421873 -0.0330918394 -0.0571858957 0.0208672006 -0.00755374273 -0.02578968 0.441186219 0.141316608 -0.443449378 0.0606581494 0.0900239646 0.0878047049 -0.174289972 0.229055092 0.196749672 -0.0512982607 -0.0162037499 0.0358659253 0.252040654 -0.129422575 -0.00398427574 0.255329698 -0.222978666 -0.307726175 -0.00172329869 0.215696871 0.102590285 -0.189614251 -0.0316977873 -0.0730121583 -0.0183079131 0.0598217323 -0.00575455464 -0.00979580823 -0.061360497 -0.0305167492 -0.160211608 0.0112035032 0.0390644521 -0.0499620698 -0.120932236 -0.0527343042 0.227032706 0.0777838379 -0.235693425 -0.0123519469 0.146961391 0.248853117 0.0479991734 
-0.070757851 -0.0230299104 -0.110797599 0.169125497 -0.243279368 -0.581207693 0.0612174794 -0.0342414305 -0.445765197 0.424357206 0.0926425308 -0.106504634 -0.212796956 -0.156097382 0.199278235 -0.031157976 -0.0489928387 0.062286187 -0.261872828 -0.0751698762 0.125002906 -0.216414794 -0.0748731494 0.0113285603 0.0536180474 -0.36251384 -0.0710681826 0.238352939 0.0190013908 0.0927620605 0.0169216022 0.000275326398 0.204932451 -0.120713383 0.0646466166 -0.399502099 -0.106016383 -0.226158142 -0.139874771 0.478494346 0.0969913676 -0.0356089026 -0.0588349178 -0.243583128 -0.237549156 0.337263852 -0.0624168552 0.155921936 -0.0828893185 -0.247759953 -0.178980574 0.0428589173 0.0721407309 -0.104069725 -0.191788256 -0.294226199 -0.0322318897 -0.276953816 0.228116348 -0.159300566 0.145571411 -0.244147271 -0.00844895374 0.400582045 -0.109684512 0.0305935629 -0.0070669055 0.0106955655 0.0238259826 0.0960280895 -0.016126059 0.333332628 -0.361430764 0.00631782785 -0.20339632 0.0173628163 -0.170203984 0.0480558872 0.0883000642 -0.0827611834 -0.193255797 0.0143081443 0.124247894 -0.29227072 0.0786287338 0.0959683508 0.411824346 0.163039297 0.220128521 0.0110672871 -0.0128832897 0.165207133 -0.0584428906 0.0996176377 0.195881903 -0.228617698 
-0.106578059 -0.0821920261 0.150332347 -0.0746637508 -0.0462538153 0.177042812 -0.103917167 0.0675718486 0.362370759 0.0674857274 0.0743758753 0.0211123899 0.317851216 -0.240139723 -0.0197594296 -0.182173997 0.0614342727 -0.0549907647 -0.0614140406 0.00617722794 -0.227949649 -0.0948892832 0.100928038 -0.206848606 -0.229231343 0.0566543974 -0.0112696756 0.0770174488 -0.0975118503 0.0101046376 -0.103246167 0.150391057 0.0997446999 0.102061935 -0.0952473283 0.0183046889 -0.0971351564 0.254413217 0.0951185822 -0.445474625 -0.031732522 -0.0383800603 0.147309765 0.488368481 -0.0223561097 -0.0819810554 -0.0396351777 -0.273813397 0.0263304133 0.344192833 0.0974438041 0.0754432827 -0.170053571 0.331663787 0.159130052 0.103379369 0.103436135 0.145738214 -0.0940048918 0.397818804 0.0439681932 -0.0663334355 -0.291597188 -0.197722524 0.13624163 0.0898478627 0.155014321 -0.110675424 0.11864052 0.024124654 -0.0122504681 0.00162134715 0.131308883 0.00471708691 -0.228900373 -0.0139498748 -0.144554526 0.17950207 -0.0311127752 -0.172358006 -0.0834333375 0.13622205 -0.206496283 -0.133673981 -0.0398338176 -0.0075209057 -0.327775419 -0.175567791 -0.165803954 0.145739466 0.0925715119 -0.133059576 -0.0493972823 0.319674492 -0.190775946 0.0804983824 
0.0527757183 0.204572394 -0.093923986 0.0603396371 -0.111523129 -0.18696256 0.0533646606 0.00692876661 0.000472473854 0.0952777117 -0.0791932717 -0.0399634391 0.199503273 0.204298109 0.11501389 -0.0886094645 0.0117598716 -0.0791830271 0.0662221462 0.121939272 0.0495230779 -0.0153004006 -0.389239013 0.0357647352 0.0155759864 -0.0967694968 -0.0539930612 0.087010853 -0.0156360473 -0.00671156868 -0.148447618 -0.0263770185 0.0659281611 -0.0127375685 -0.0824159533 -0.0586331077 -0.133062288 -0.0598573722 0.120887242 0.168704554 0.0981051996 -0.108960412 -0.00657647755 0.103105918 -0.0439147055 0.0801108629 0.0918071344 -0.126008183 0.0818484873 -0.124027088 -0.10564246 -0.010638658 0.119393125 0.00583914574 -0.107170358 0.041129034 -0.117123321 -0.0392820276 0.0260437597 0.0660210252 0.0754779503 0.0402587578 0.0412990525 0.236884803 -0.138337672 -0.0744783357 0.119461969 0.0503294095 -0.0883846208 -0.0605968796 -0.0158262402 -0.0483276621 -0.192646578 -0.119297959 0.0654975697 0.103825442 0.105640858 -0.191228017 -0.0304012224 0.0992674232 -0.148704216 -0.0551636666 0.0865266547 -0.0493284576 0.106650054 0.0647413805 0.0612187311 0.0282478649 -0.209118634 0.162541568 -0.00351775647 0.0983268768 0.0494002551 -0.163959935 0.0837424546 0.0390537716 
0.183925152 0.174398154 -0.0814215317 -0.0981959999 0.0894174948 0.227475122 -0.0905030146 0.0544924662 0.103015251 -0.116323918 0.0309957452 0.0375065394 0.423036456 0.142253011 0.074907966 0.0257913712 -0.0704717711 -0.109589599 -0.181428507 -0.017669471 0.261300623 0.233059704 -0.119391307 -0.0349979512 0.153858304 -0.260060012 -0.000698065094 0.0672273487 -0.136120453 0.186356977 0.0594431013 -0.0245661363 0.00168478198 0.294813186 0.210185036 0.0771577284 -0.325212508 -0.0141645577 0.186009258 -0.0573223494 0.0219397135 -0.161936432 -0.151742682 0.264103383 -0.187896892 0.0329687931 -0.00647537736 0.34171769 0.0721567646 -0.0889893994 -0.364362359 -0.0282216687 0.0826315954 -0.189726591 0.0337492824 0.365891665 0.00532544916 0.262962461 0.110913143 0.251431346 -0.163824767 -0.276274621 -0.0993108377 0.108691804 0.145707324 0.252629459 0.00178768649 0.0902985632 -0.404854268 0.107418098 -0.0710816458 0.137259498 -0.031416256 0.139372066 -0.0388489217 0.0202512052 0.381034523 -0.154533833 -0.0488544628 -0.135490909 -0.173180833 0.217316613 0.0141462469 0.0757663101 0.0571295172 0.137920022 -0.14623937 0.0348198153 -0.0584824458 -0.279086411 0.203457087 -0.0562765002 0.0919230431 -0.111440867 0.269228786 -0.180007964 
-0.104273722 -0.0613620356 -0.0116879055 0.0585765429 -0.136267841 0.00940074492 0.0167934988 0.0694892406 0.0288380254 0.0326465145 0.000493937114 -0.121466979 0.026330065 0.0500259064 -0.0397176966 -0.108880684 -0.00724215992 -0.0767831504 -0.00524676591 0.0120185809 -0.0129185393 -0.036875505 -0.0315066501 -0.103238471 -0.00572398352 0.0697416142 -0.0406299345 -0.0691728517 -0.0947306156 -0.0255415216 0.000431727909 -0.0924913064 0.0392066352 -0.105189554 -0.0379454195 -0.0272703748 -0.0390553884 -0.0106507409 0.0389317796 -0.0187501814 -0.0159012564 0.046452336 -0.102999568 -0.0116146831 -0.100265324 -0.101208106 0.0604517944 -0.0881476477 -0.0800976232 -0.0385854915 -0.0877284557 -0.055045519 -0.0315267518 -0.0459261462 -0.087592192 0.0680552498 -0.031223055 -0.0513170771 -0.0693919584 0.0142966509 -0.0143339755 -0.0797848403 -0.0232521035 0.0614841804 -0.030459499 0.058925122 -0.0391071811 -0.0116020292 0.055984728 -0.0878318176 -0.0870148391 -0.0314411968 0.0111576412 0.0633491278 0.07139498 0.0223874077 -0.111736111 0.0230301023 -0.00509285927 -0.138812736 -0.0712794214 -0.11293266 0.055801183 -0.0564297847 0.00243947003 -0.134143293 -0.0517674945 0.0452484116 -0.0179240163 0.00634393143 -0.0397026353 -0.093130663 -0.0998853818 -0.08342693 0.0322145596 -0.110166721 
0.0217350144 0.0576307774 -0.227014914 0.119254485 -0.471195787 -0.41373682 -0.0913764238 -0.00712816603 -0.0714634731 0.059757486 -0.201507121 -0.0275053158 -0.0798072144 0.0498392358 0.164596841 -0.223071128 -0.00292716967 -0.0415692888 -0.12522307 0.128635094 0.152360037 -0.188736811 -0.113654129 -0.0142239574 -0.27140063 -0.077043213 -0.0293737929 0.193229452 0.0931821764 0.179148644 -0.212244034 -0.126772791 -0.0382939987 0.000477031281 -0.0863559917 -0.189955935 -0.0731001422 -0.174949929 -0.0462765396 0.0882067233 0.0702652037 -0.351553261 0.0529538728 -0.102388807 -0.0068050297 0.25010708 0.0350755528 -0.119103953 -0.179603815 -0.0182948429 0.0815321505 0.00227625575 -0.0661841184 -0.0391221158 -0.177484989 -0.172895253 -0.222952396 0.0808646902 0.0314848386 -0.115177311 0.0494105555 -0.0155193536 0.027297318 0.214475572 -0.297985852 -0.119758278 -0.0896847844 -0.014585644 0.0162573941 -0.325414926 -0.0181615707 -0.0270867608 -0.167061448 -0.194278717 0.0516047925 0.00931515358 -0.0193611514 -0.146719456 0.0668939725 0.0846755579 -0.0318466276 -0.183223784 -0.0507586971 -0.367978752 0.0810341015 0.137987018 0.054983519 -0.108648814 -0.0672904402 0.0361390039 -0.0663337335 -0.150012642 0.0538059473 -0.251795024 0.326042414 0.00815968122 
0.0609727129 0.0844427273 -0.0957378075 0.156080008 -0.487999856 -0.413419098 -0.0589435585 0.100888617 -0.0631094053 0.152515143 -0.429861128 0.230159894 -0.144952461 0.0538580008 0.162880063 -0.306398898 -0.0902670398 -0.0300469548 -0.0944162011 0.12006022 -0.293676585 -0.0522188507 -0.276630551 -0.0410562307 0.310725659 0.197374761 0.0807892531 0.192111313 0.084717609 0.123025298 -0.144155905 0.0741691887 -0.192005709 -0.182755798 -0.0205096528 -0.362198144 -0.200378761 -0.0678462833 0.178383991 0.250858545 -0.214989245 -0.130150139 0.00391922146 -0.0770226866 -0.333082676 0.347236723 -0.00631889794 -0.0985955819 -0.156302661 0.274266124 0.17845574 -0.0777561441 0.203397647 0.0796739683 -0.274906874 -0.133253664 -0.285114408 -0.13071616 0.0471880957 -0.213125199 -0.106981628 0.111627832 -0.0651909858 0.0480300188 0.123069026 -0.109050862 0.132284835 0.0174762476 -0.199238956 0.215940714 0.188853443 -0.0566196032 -0.0304409284 -0.0114264442 -0.0363071375 -0.0190993883 -0.0249405894 0.179341659 -0.020900622 0.000945188978 -0.067549333 -0.294246435 -0.250327587 -0.117498517 0.127828866 0.0446448587 0.108279012 -0.152838394 -0.132780507 -0.0749724433 0.0794212073 0.28719002 0.0472298004 -0.444726318 0.130414158 0.2365648 
0.156804264 0.297766715 -0.29477331 0.166816399 -0.250252038 -0.195129469 -0.070696108 0.126362547 -0.159644544 -0.284110874 -0.195608854 -0.0465580486 0.107178025 -0.296747953 -0.252068102 0.0948273689 -0.0577710606 0.0119694006 -0.00292890775 0.0735197663 0.330486059 -0.158036605 -0.221326903 0.144804627 0.221811369 0.0354058594 -0.0460211262 -0.195433155 -0.300179362 -0.0361427478 -0.352013081 -0.145354539 -0.0706291497 0.0936425552 0.0210881829 0.154922247 0.180568606 0.159900799 0.0739661008 -0.204143852 -0.0489201136 0.173836634 -0.0732574463 0.0376208425 -0.018741006 0.00997683406 -0.150866225 0.27294597 -0.198768497 -0.0732386932 -0.0816429332 0.0318629891 0.134233788 -0.050409779 0.0048645637 0.102581412 0.0996313468 0.210748151 0.124565601 -0.04860989 0.0915374011 -0.0370806307 -0.217866585 0.0248917732 -0.2282985 -0.00227416703 0.073938638 -0.0393537953 -0.0908320844 -0.162690356 -0.0711504221 0.0485111289 0.2758874 0.222109199 -0.339612067 -0.123231195 0.132975951 0.172648951 0.0811589658 -0.155302376 0.142252833 -0.108389281 -0.266844511 -0.109456845 0.0157168414 0.117110647 0.0496869832 -0.0312592648 0.235553101 -0.0338231958 0.00307185855 -0.327192664 0.0087306546 0.0765495002 0.163852245 -0.283459336 
-0.0150973741 -0.0114252418 -0.174297392 0.0177918058 -0.123167075 -0.0737292618 -0.0490415208 0.100678012 0.00986818504 0.0906142518 -0.270419031 0.0383088887 0.0378222503 -0.13847068 -0.0759427771 -0.127872288 0.0354188122 -0.0279677659 -0.0852127522 0.101055093 0.0180600602 -0.0984036922 -0.087634176 0.0132502476 -0.189659938 0.0830813497 0.0723295212 -0.00994614698 0.0697713196 0.00659952918 -0.10942433 0.000497233937 -0.187546536 0.0404593088 0.00720233005 -0.163858756 -0.158244491 -0.013598579 0.00416561402 -0.0534639433 0.116711058 -0.0978089795 0.0698923096 0.0810749903 -0.00651991414 0.0486154035 0.0180937629 -0.127420634 -0.0665395483 0.103173867 -0.0751542524 -0.0706688389 -0.132640496 -0.0452302396 -0.0892601013 -0.112852052 -0.0448902026 0.00912433583 -0.0313016474 -0.0147893559 0.0752288103 0.00320907217 -0.014300473 0.0272414275 -0.187228441 -0.00829496514 -0.0635046959 0.0255603194 0.0441058502 -0.0495452173 0.1036295 -0.0797335431 -0.182485163 -0.0545973666 -0.0643621683 0.0186984688 -0.0535039194 -0.0947552994 -0.0669342428 -0.0422841012 0.0208643638 -0.0724821091 -0.0962900668 -0.127817392 0.0817593709 0.165133983 -0.078569755 -0.0293906331 0.0443447158 -0.0491956994 -0.016714517 -0.108082525 -0.0907402262 -0.141306818 0.0255871676 -0.124365292 
0.0176206529 -0.0834314898 -0.0269550029 0.14344734 -0.499130696 -0.418677002 -0.0312466025 0.0893460363 -0.190624014 0.0311114583 -0.00346749974 0.243995398 0.0522006042 0.17640692 0.0969646424 -0.382206321 -0.0148427011 -0.01878874 -0.131891683 0.121376835 0.0621144362 0.0274218116 -0.283691555 0.0913988799 0.0520919859 -0.0106952963 -0.0497862622 0.0785333812 -0.0185018927 0.178979233 -0.28779006 -0.0791128501 0.0219372381 0.0276517347 -0.0376283824 -0.320921123 -0.0715608746 -0.212030306 0.40221563 0.0423739702 -0.0261273123 -0.0319266394 -0.174487278 0.0831380561 -0.229966596 0.254888862 0.0854303762 -0.143506274 -0.0337496363 0.10146074 -0.132822171 -0.0638433844 0.244784012 -0.271585703 -0.0551055335 -0.176754326 -0.00196079956 -0.1458662 -0.026189696 -0.190760016 0.0705019757 -0.0532930009 0.142223611 0.306382358 0.0599044114 -0.372003764 0.090222165 -0.0439387485 -0.0145478575 -0.0822344646 0.107561454 0.0751361698 -0.228682503 0.0394421592 0.0692652166 0.0664406344 -0.0649572387 0.100826368 -0.0462940335 0.157022238 -0.164452687 -0.216718614 0.121112384 0.000583368761 -0.0138315288 0.0542622767 -0.0132170552 -0.107383162 -0.0734081939 0.011747743 0.00785042346 0.0547104925 -0.0186910145 -0.35987711 0.111461602 0.0761322975 
0.305841446 0.0113426382 0.0152158542 0.0602070577 -0.0530769713 -0.0375883728 0.0570856519 0.097712785 0.0159188062 0.0156198423 -0.204694271 0.185841933 0.159397855 -0.14725785 -0.112367831 -0.112132289 0.00318349991 0.0344828926 0.144527659 0.118460782 0.418876231 0.0164597128 -0.150936499 0.0130887395 -0.0109376265 0.191216588 0.106835566 0.138922781 -0.127317458 -0.0875536203 -0.179703921 0.130254671 -0.0493177623 0.025962133 0.0321147442 0.309927821 -0.148651034 0.364578575 0.0187142398 0.0607295036 0.0111057451 0.065742299 -0.141294703 -0.0981690958 0.00148447952 -0.0511330999 -0.261065334 -0.099808 -0.195580557 -0.0875558704 -0.206564367 0.0804343671 0.0202540662 0.176549122 -0.145938769 0.109551854 -0.0175301414 0.2602247 0.183762297 -0.133870274 -0.281124383 -0.176361158 -0.10339874 0.143921375 -0.201131225 0.102367826 0.0369575582 0.00417564483 -0.124696136 -0.0343747586 -0.155667305 -0.220164493 0.0305787362 0.228495076 -0.00562538486 -0.0461321063 0.269427091 0.0258867387 -0.0481734015 -0.110364929 0.0486222357 0.0579138473 -0.182674006 -0.0189071633 0.00997606479 0.0896389931 0.186051577 -0.0656745508 0.204126194 -0.226208314 0.0978059694 -0.346612066 0.0727880597 0.0861862674 -0.018540144 -0.423688352 
0.409188151 0.282865971 -0.167790398 -0.0450392924 -0.141340569 -0.3018848 0.155439094 -0.0561694205 -0.014250583 -0.0209503248 -0.133806288 0.0135919088 0.0555308685 -0.188595891 -0.226503298 -0.0353693217 -0.0602591299 -0.0324596353 0.0776737556 0.102111615 0.255410463 -0.212029576 -0.0953266397 0.127123177 0.20843792 0.0415286422 0.0563742518 0.0757327601 -0.189295009 -0.138664484 -0.416644812 0.0556656234 -0.233386606 -0.0406734571 -0.0516891032 0.361512423 0.109638475 0.277451605 0.00789310317 0.177418843 0.035477303 0.0243152399 -0.0948458239 -0.218367249 -0.0215071738 0.0999368131 -0.0808670446 0.00840998441 -0.280668706 -0.141320989 -0.229218245 0.0903586671 0.0954059362 0.143874884 0.102648996 0.0568378754 0.0091130631 0.218026772 0.0770542473 -0.196292207 -0.0353386514 -0.184393927 -0.102962896 0.33281377 -0.122476973 0.00252846512 0.0894330665 -0.0308743808 -0.0636659116 -0.132195652 -0.0519577116 -0.146737546 0.256086469 0.0578595959 -0.0656129122 -0.0178020261 0.118997186 0.0950857177 0.0179201178 -0.219734982 0.0266002212 0.0637120456 -0.177468583 -0.0407855958 -0.00927806366 0.196632072 0.236847833 0.0309683885 0.16711922 0.020204844 0.145761609 -0.492904484 0.0657325014 0.298232496 0.190756828 -0.282272041 
0.00552631775 0.097684972 -0.158846751 0.113923728 -0.154328063 -0.327930927 -0.0285454243 0.0430247933 -0.109286807 0.190380752 -0.0184967034 0.0823340192 -0.0368093662 -0.201958731 0.0514587611 -0.0701533407 0.0519261025 -0.0905320942 -0.32563439 -0.0106775379 0.185176998 -0.057554137 -0.179178208 0.00883924123 0.115199275 -0.0892997161 0.0823357627 0.1498795 -0.0253062658 0.0918863937 -0.15184848 -0.104276627 -0.191158995 0.0792659223 0.103659838 0.158752173 0.0507117845 -0.175834671 0.000222770293 0.39827466 0.0406203233 -0.110398456 0.0631814077 -0.102504931 -0.245468855 0.214413747 -0.0602968223 0.134160891 -0.177619725 -0.314657509 -0.204059705 -0.0453793369 0.0762846619 0.0689971596 -0.101954892 -0.0326880962 0.0123637402 -0.0230872817 0.111746833 -0.206803873 -0.130882815 -0.173318833 0.0531051457 0.252144456 0.126784414 0.134988487 -0.0858968422 0.0362581387 -0.0555102266 -0.00110009639 0.0239304602 0.283135414 0.0582434982 0.187805966 0.091198869 -0.046377264 -0.112206295 0.111458503 0.0474300049 -0.164330259 -0.128388286 -0.0688367188 0.0490416698 -0.143019661 -0.0642844662 -0.00858366489 0.223675892 0.101743259 0.0797644556 -0.0249301437 0.124042831 0.116489641 -0.0171760656 0.124214545 0.0439927205 -0.0684337243 
-0.0216238704 -0.159049973 -0.115851477 -0.12823081 0.130563244 0.121757671 -0.0576465614 0.0312925018 0.548909783 0.21526812 0.265588462 0.19164668 -0.0880019963 -0.269239932 0.0793829486 0.0296534505 -0.0138930175 0.0767531618 -0.0373097025 -0.0709094852 -0.00708411774 -0.117714666 0.326752692 -0.12380711 -0.167283475 0.0386818238 0.0435069539 0.0586535409 -0.173021182 -0.0309707467 0.204409763 0.234802842 -0.0228437595 0.260377824 -0.139180198 0.16348739 -0.000964726438 0.285322368 -0.21944955 -0.309655428 -0.0433934703 0.0639025271 0.350783259 0.248946428 0.265660286 0.0842022374 0.0633135289 0.15782854 0.00491978461 0.461602092 -0.0814584121 0.303987443 -0.060117688 0.201621696 0.213261455 -0.149418011 0.0342663713 0.0594286993 -0.223295704 0.0680513009 -0.0285706967 -0.245402992 -0.156139851 0.0970848128 0.179851472 0.135970533 -0.00147991022 0.0199356824 -0.00311869406 0.335065573 -0.142758682 -0.0615660809 0.348858505 0.144280538 -0.233529285 -0.0761968568 -0.0518268794 0.21731779 -0.0650081336 -0.312480539 0.109387971 0.233630776 -0.224624246 0.0998407304 0.0806303844 0.104325272 -0.234729365 -0.441493899 -0.107498772 -0.101704359 0.136632383 0.0847407505 -0.00939740799 0.0417072885 0.318956941 0.0082142679 
0.103574365 -0.0547968671 0.313119113 -0.0723773316 -0.0687604696 0.161378846 0.0541561507 0.0823574811 0.400377244 -0.122043557 -0.0975345373 0.218024656 -0.19464469 0.0972135738 -0.0647601858 -0.1548246 0.0300847813 0.00683081523 -0.0102830501 0.0807906091 0.201942086 -0.255844444 0.245134979 -0.0326560847 -0.179613203 0.0166210234 -0.11361213 -0.0352803282 -0.128967419 -0.146859676 0.0874502435 0.161468804 0.147639245 -0.0777594298 0.0808981508 -0.00292313518 -0.0845475569 0.0859896392 -0.0258859955 -0.220906466 -0.133980662 0.233280286 0.0524794571 -0.122263722 -0.0211215299 -0.0635146052 -0.0227506682 0.150613651 -0.0249680579 0.16959317 0.0432184637 0.0284032561 -0.15894486 0.271998495 -0.192498177 0.0128756315 -0.184499472 -0.0164515749 -0.0208475944 -0.0403065756 -0.228546351 -0.107858188 -0.0859624222 -0.116631992 0.360710561 0.0568398759 -0.409338802 0.00420671608 -0.187606379 -0.0307956804 -0.191279963 0.268860757 0.158676103 -0.0230254494 0.180628777 0.0201250296 0.112556621 0.386635303 -0.0607513078 0.172305956 0.00217831065 0.170135111 -0.0383314565 -0.06668026 0.0191568695 0.166469127 -0.264317662 0.0553005412 0.196260914 -0.235660017 0.10369312 0.125368536 -0.0308973156 0.229625404 0.0723691657 -0.123899639 
0.456081539 0.0639081225 -0.0114481421 0.120523207 -0.169959009 -0.0603831224 0.0456514917 0.10429994 0.100689448 0.11067149 -0.16797471 0.244890094 -0.158130258 -0.144099385 0.0316814817 -0.144350603 0.0308513977 0.0757889599 0.332651317 0.247336164 0.161278889 -0.106625684 -0.0550110601 -0.0538628511 -0.0764098018 0.3450647 0.0177083183 0.229149669 -0.140299633 -0.207418501 -0.268554866 0.226518348 0.0252265818 0.0264099669 0.0395657681 0.292610884 -0.130692482 0.299440175 0.0666622296 0.123613648 -0.000290061522 -0.165836588 -0.109744586 -0.0859568119 0.113361135 0.00767888827 -0.317202449 -0.295622587 -0.266389757 -0.00489835301 -0.247215688 0.0418876521 -0.151536927 0.105079807 -0.145169824 -0.199291706 0.0847926959 0.00416559633 0.185074985 -0.0448288582 -0.0969763324 -0.241431653 -0.1736027 0.268500149 -0.137745336 0.107367337 -0.0617784522 -0.072674945 -0.0360599235 0.0312460288 -0.0341672301 -0.255235642 0.076526165 0.202423379 -0.120893843 0.0176950451 0.252944052 0.162779763 0.0652141571 -0.0979553759 0.121573977 -0.0703745857 -0.0511184484 -0.0212911516 -0.103014328 0.189976051 0.236726075 0.0409159586 0.208550677 -0.0640794933 0.128764749 -0.313916534 -0.0816739351 0.220191658 0.130885214 -0.280670851 
-0.0540269092 -0.308199644 0.0616510697 -0.155730918 0.272617668 0.21359022 -0.132235482 0.0322986171 0.464996755 0.228072286 0.190181285 -0.0452766269 -0.127293095 -0.311990321 -0.0354014188 -0.0694857389 -0.0137354042 -0.0099211894 -0.364643902 -0.210495442 -0.478900194 -0.0820581838 0.23905386 -0.494879335 -0.36942324 -0.0892698914 0.0401337668 -0.00907299574 -0.0508590788 -0.314313769 0.0226494521 0.236541614 0.000275858794 -0.0250395741 -0.0558462366 0.0961574987 0.203022495 0.162723914 0.096949175 -0.296975255 0.198617756 -0.33976537 0.255597711 0.383328408 0.0637578741 0.0109642791 0.1578262 -0.503593981 -0.107000098 0.280527741 0.0344079882 -0.108310528 -0.139669433 0.383541018 0.365027696 -0.147238806 0.181352854 -0.104322821 -0.135717154 0.419948816 0.311228037 -0.252319723 -0.343558699 0.086656414 -0.0152740292 0.169818446 0.117001005 -0.0224267542 0.229573414 -0.104681537 0.00468587689 -0.0972921625 0.0352509655 0.0322554 -0.115776032 -0.0802266523 -0.126586094 0.061757803 -0.0741491169 -0.0816253722 -0.355883241 0.307596982 -0.427841425 0.129831627 0.081049867 -0.295504451 -0.417058736 -0.223634064 -0.156120196 0.107128777 -0.188797668 -0.00188062759 -0.108618908 0.115615688 -0.0748373568 0.0583022609 
0.326087028 0.218882084 -0.0498334095 -0.0555127375 -0.281334102 -0.191583514 0.11866542 -0.00769004691 0.110176168 -0.166804507 -0.161906645 0.127598509 -0.045442313 -0.201314807 -0.067833133 -0.0771209151 0.0266983062 0.0130876973 0.233409613 0.192283764 0.262506932 -0.117948696 -0.290274709 0.197649911 0.0139500471 0.110923879 0.0983276069 0.135221675 -0.0611441694 -0.219494268 -0.500238359 0.0831680819 -0.0760063156 0.0507225506 0.0482417159 0.455427527 0.00899390783 0.230534002 0.137007967 0.260635793 -0.218249872 0.0227720551 -0.168587357 -0.090091534 0.0886439532 -0.259671509 -0.117760375 0.0744438842 -0.304584563 -0.00564360665 -0.197503477 0.109086439 0.0156236961 0.157960981 -0.0986756012 -0.145260662 -0.0366351642 0.27591151 0.111416921 -0.286609352 -0.0362406634 -0.0382200107 -0.219278634 0.278515756 -0.257398546 -0.0442624688 -0.102343857 -0.0612249151 0.0825897157 -0.190732762 -0.0329442248 -0.0515602455 0.230968326 0.0149266198 -0.181295127 -0.0170648023 0.256219387 -0.0757374763 -0.00348000345 -0.0629551411 0.290072143 0.102574497 -0.367058575 0.00515181199 0.012872953 0.103838012 0.211272225 0.063370198 0.103081435 0.174476042 -0.0263897162 -0.255136222 0.0912669376 0.2193757 0.167804554 -0.192806065 
0.0601958111 0.0486076139 0.19894962 0.121313684 0.047839772 0.183867499 0.0023229497 0.107535817 0.301258028 0.214540064 0.06853275 0.0768466443 0.0244482514 -0.110263214 0.103595003 0.0447319113 0.074340187 -0.00613203784 -0.00825441908 0.0774368569 0.104878068 -0.176261827 0.221689165 -0.124217808 0.130895227 -0.068361789 -0.11422696 -0.0392243378 -0.104441389 0.00124716456 0.285678744 0.186775118 0.111992083 -0.124960899 0.0148901725 -0.303758293 0.137512013 0.165820614 -0.00673372392 -0.0645715892 -0.00827597175 0.162733451 -0.0108704269 -0.120090984 0.0168725029 0.0136658866 0.059118636 0.214483693 -0.0191570651 0.311166257 0.161983967 0.109441578 0.0125337988 -0.00997132808 0.0522452705 -0.0629999265 -0.0090776803 -0.0377385579 -0.0575420633 0.112799585 -0.0267352518 -0.0535543337 -0.134343222 -0.0730666146 0.386783361 0.313495636 -0.050326515 -0.059688691 -0.0496588759 0.139812797 -0.0631574988 0.207013085 0.00403954461 0.175083801 -0.122317582 0.0196675397 0.110435255 0.282706797 -0.0716685206 0.130477786 -0.00401165243 0.0208974574 0.0855935514 -0.0242246166 -0.031759318 0.139181077 -0.0864507183 0.12961711 0.147309467 -0.0749573708 0.0752951801 0.0597704202 0.0889045969 0.307740569 0.122727863 -0.0524151213 
0.0817133784 0.120927289 0.0295362584 0.2022769 -0.204728201 -0.474411905 -0.0975223482 0.0862230808 -0.141029432 0.330559582 0.0156392194 0.11341621 -0.0516939089 -0.0668335631 0.0834146813 -0.128244877 0.00180077006 -0.0806764141 -0.184223503 -0.0926393196 0.105213016 0.0603965148 -0.0555872656 -0.0251677893 0.110324681 0.0330881923 -0.0141706457 0.0199037958 0.0461393818 0.0923520327 -0.0959296823 -0.0464558899 -0.0685247928 -0.100915961 0.0689316988 0.0581810214 0.0262893252 -0.111234203 0.0293577779 0.39744994 -0.0827474371 -0.0353839807 -0.00803899579 -0.154086679 -0.0274353884 0.211622864 -0.188319921 0.0424872153 -0.154666796 -0.365558088 -0.299231052 -0.0221981034 0.154558018 0.0982704759 -0.103607163 -0.163202018 0.101325899 0.00302474899 0.21837154 -0.134262666 -0.215177789 -0.254286587 -0.0336092114 0.327287793 -0.0811335072 -0.0114928847 0.070506379 -0.0191116072 -0.0538200997 0.213580489 0.124465488 0.201841056 -0.0405134223 0.0229113195 -0.011150457 0.0571638606 0.0110316519 0.0445590913 -0.069075115 0.0378081612 -0.0853444561 -0.087358214 -0.00393426837 -0.242500782 0.00573076401 0.0914054587 0.352961123 0.203824073 0.122727968 -0.0518917665 0.13586992 -0.0417652465 0.0669669434 0.18135488 0.244672596 -0.0392172039 
0.169998407 0.304756522 0.0510265641 -0.0898510665 0.173726797 0.0461749732 0.0288247727 -0.0308706537 -0.011149276 -0.0733631179 -0.0346734971 -0.0758180991 0.342112094 0.0865563005 0.0563775524 -0.221677452 0.0936045423 -0.000251942634 -0.236527458 -0.0736097619 0.239068747 0.381719947 -0.15533182 -0.0460126139 0.0268941205 -0.0966808349 -0.0913338065 -0.0551072545 -0.116051815 0.339430779 -0.111394361 -0.113965176 0.0719454885 0.311327457 0.159352303 0.147474304 -0.307265937 -0.0677948147 0.257288575 0.0389234088 -0.0268776547 -0.108569339 0.0779761598 0.0266368613 -0.0687662885 0.0438710228 0.178445518 0.000817006978 0.295553505 -0.270008683 -0.135911018 0.0668226108 0.124161497 -0.192340583 0.2293313 0.21135205 0.0330344364 0.196496502 0.0559786111 0.169476166 -0.251729667 -0.199022248 0.0526910163 -0.0529082194 -0.156206936 0.29537335 0.140848473 -0.055406183 -0.388813525 0.0281206258 0.0448288582 -0.0167280417 -0.118153915 0.0707084835 0.0561341755 -0.113256805 0.234331474 -0.0402622484 -0.0303119346 0.0526408516 -0.0956904888 0.104584157 0.278630286 0.0235009603 -0.0658204183 0.0951308236 0.0192258339 0.111243084 -0.195822015 -0.465315104 0.0756052062 -0.179036856 -0.0768902078 0.158569127 0.385056347 -0.264831603 
0.03328887 0.221806079 -0.0614970922 0.267643631 -0.0706181005 -0.226586774 0.0353486165 0.0334271789 -0.25199163 0.154333755 0.170905814 0.171065554 -0.109154105 -0.0714667812 0.0727146044 0.0265301894 0.0604884848 0.0442040041 0.00956380088 -0.0342030004 0.0451810621 -0.0263403691 -0.0949319229 0.0330765992 0.25117442 -0.0952044949 -0.0384300649 0.0444871336 -0.0609424263 0.129315138 0.0588905066 -0.0276344232 0.00826571416 -0.27193436 0.143706426 -0.126366109 0.0933579057 -0.0758739561 0.162779585 0.343461603 0.0914945006 0.127033412 -0.218486309 -0.377217054 -0.125625983 0.323305815 -0.0208738763 0.0558724962 0.0538754873 -0.323844999 -0.144260377 0.0585143231 0.191706806 -0.177859381 -0.0752207488 -0.107942484 0.0517849959 -0.14611049 0.215479657 -0.325102776 -0.0818336755 -0.0128494082 0.0255796853 0.236317143 0.0713014007 0.154509097 -0.0947108939 -0.0410187058 -0.101456113 -0.0151283033 0.22596027 0.159307152 -0.245810375 0.0297837127 0.058125589 0.00245499774 -0.0202865805 0.138869077 0.0558318421 0.0574357323 -0.0274872575 -0.104559794 0.160149157 -0.0194217004 0.101978049 0.108478963 0.322563291 0.145360306 0.0730712712 -0.0773996636 0.0850468352 0.0467186868 0.0435598306 0.0417815708 0.10768155 -0.0565690249 
0.062356744 0.218230277 -0.14528206 0.211936191 -0.416029453 -0.468371063 -0.00610620389 -0.0541008897 -0.0258994736 -0.0806907415 -0.0817983374 0.0355781168 0.000296216254 0.12506789 -0.0799675956 -0.26287657 -0.059540268 -0.0652364492 -0.157924905 -0.204778463 -0.223376751 0.0108784512 -0.190218061 -0.208243757 0.169630587 0.247118935 -0.00815357361 0.166916534 -0.130975157 0.0459706374 -0.267554492 -0.145405084 -0.19023928 -0.112719461 -0.011456185 -0.16794154 -0.222324952 -0.266229659 0.079525277 0.117989317 0.0554540381 0.199085563 -0.261349857 -0.110066563 -0.255578041 0.328117311 -0.0873428136 -0.230914906 0.0255044885 0.0956960693 -0.116736189 0.00193728763 0.288611591 -0.0224065371 0.13844578 -0.158326194 -0.0274063479 -0.212296903 -0.119510069 -0.118164368 -0.255591452 0.108376332 0.0223569795 0.255234748 -0.354254425 -0.17999965 0.1679544 0.0460572764 -0.137798339 -0.0314246751 0.223956734 0.0340256579 -0.141090035 0.125472769 0.154555976 -0.0757747069 -0.129888728 0.215504915 0.0631358251 0.210008696 0.0188309923 -0.0363004357 -0.109960705 0.245977432 0.0506245382 0.0449599884 0.00404854165 -0.175073713 0.0471711941 -0.222033173 0.0717447996 -0.2854141 -0.00434286194 -0.482527554 0.120939285 0.24519673 
0.253876418 0.099955529 -0.218184233 0.126118958 -0.257588327 -0.0511793196 0.0927765593 0.0912134722 0.0359383225 -0.0413362086 -0.158228934 -0.0524733812 0.184890822 -0.254693925 -0.0826468021 -0.105552614 -0.0110523244 0.0397682153 -0.119839303 0.0911468565 0.344507039 0.0557807386 -0.0296166651 0.152444229 0.100996964 -0.00735359685 0.07601621 0.170348018 -0.188942537 0.132393509 -0.291847914 -0.0662784874 -0.143520623 0.0905840024 0.0316207334 0.177099004 0.0407542959 0.256000608 0.0330297947 0.129621267 0.255575955 0.0115871336 -0.145672351 -0.0272827242 -0.181481406 -0.033864446 -0.0929244235 0.157844782 0.0174180958 -0.0682986826 -0.217277944 0.0563688949 0.0317077376 0.0429337248 0.0605615675 0.216076076 0.108264446 0.126205578 0.209895983 -0.0861530229 -0.0648039579 -0.164315656 -0.0375470705 0.275683165 -0.152345434 -0.0750798285 0.125121802 0.021844402 -0.140333399 -0.206078097 -0.00271118572 -0.176305771 0.226699665 0.201304853 -0.214151606 -0.00514736213 0.0854003206 0.157978103 0.0156585686 -0.264352918 0.180591121 -0.157930091 -0.10966377 -0.082735762 -0.120509237 0.175218537 0.0435530134 -0.112587132 0.319267362 -0.125709593 -0.0223210808 -0.264473289 0.000750105712 0.255017996 0.203127503 -0.307644248 
-0.192039654 0.0926423445 -0.184497535 0.187755659 -0.302575111 -0.300613284 0.0221265089 0.0495104603 -0.184072465 0.0968196541 -0.213222742 0.0926300511 -0.201357901 0.0672383904 0.250117719 0.0831286758 -0.0747789964 0.0823781639 0.00132312078 -0.0850862414 -0.322090089 -0.207490593 -0.115740173 -0.120044261 0.323778659 -0.0527340211 -0.0720638931 0.0349027105 0.0616239347 0.189901456 0.000168216022 -0.00240931613 -0.20911485 -0.332383096 -0.122505262 -0.273507804 0.0646180958 0.0443374291 -0.142082945 0.127269074 0.0159613136 -0.237064481 -0.056782566 -0.0770166665 0.0329273529 0.266006261 -0.313734472 -0.0182652697 -0.212241203 -0.182581872 0.171349272 0.0314643607 0.152425125 -0.0988245606 -0.399657845 -0.115072325 -0.302893877 -0.193181694 0.172754273 -0.260852724 -0.0688317195 -0.0212807581 -0.101834275 0.212832078 -0.0228302442 -0.0986651257 0.162620232 -0.0928685218 -0.0851300508 0.19178009 0.0914122537 0.0606343672 -0.211353838 -0.0159413777 -0.0317080989 0.0859623328 0.251140505 0.171938598 0.0147712082 -0.249253079 -0.0617245883 -0.158874184 -0.312229931 -0.0177994836 0.0175459031 0.14885366 0.153169245 -0.159007713 -0.16051963 0.0201663375 0.00552616967 0.186058983 0.0346443728 -0.442411661 -0.0386240594 0.344568104 
-0.095188491 -0.36916548 0.158322379 -0.223840043 0.127355888 0.089879632 -0.33728686 0.0884264782 0.286001235 -0.286931902 -0.0986160859 0.297474116 -0.0968899503 0.459400684 0.187266067 0.189432144 -0.00677351281 0.0614531338 -0.125814542 -0.128633782 -0.107484758 -0.157454446 0.288692087 -0.357840389 0.181801364 0.0922272429 -0.0275429301 -0.222708464 -0.142037988 -0.0703833848 0.15442346 0.229281217 -0.255206972 0.0920909867 -0.00777430646 0.259646356 0.253606111 0.114139266 -0.0733925775 -0.306554079 -0.311606169 0.231821761 -0.0429339446 0.231135339 0.0286680553 0.100302771 -0.232030019 0.178181306 -0.0445938036 -0.133806393 0.109054543 -0.053371828 -0.151593357 0.190358087 -0.243273169 -0.226477534 -0.353858501 -0.17258139 -0.340524197 -0.232932255 -0.38078028 0.105877705 -0.0670999363 -0.0892403796 0.343945622 0.033498276 -0.404545069 -0.0879435241 -0.112923011 0.453560114 -0.315076083 -0.162174329 0.12872988 0.243338361 -0.0872837901 -0.0596305393 0.0361386426 0.415311515 0.0962837264 -0.0109759355 0.0530345291 0.221071273 -0.263323843 -0.201069891 0.00902692601 -0.427288085 -0.302956194 -0.240455404 0.215451926 -0.00933118537 0.136749968 0.0747708678 0.00417948235 -0.267703682 -0.0680793449 -0.18430905 
-0.183961436 0.0400918983 0.124114856 -0.161748126 0.13205871 0.0141166551 0.077957958 0.0703718141 0.0896969065 -0.226179466 0.0119000534 -0.147283584 0.23534365 0.177808776 0.0020164426 -0.131049842 -0.019077098 -0.0703100339 -0.385376096 -0.36097157 0.137444004 0.221765116 -0.169590533 -0.183151692 -0.0862420499 -0.177072361 0.121072009 0.0684177876 -0.282128006 0.133577555 0.0455220528 -0.271530241 0.0417316779 0.137707531 0.124192044 -0.0828390718 -0.284068972 -0.25344193 0.315924019 -0.246142924 0.0632479712 -0.108708166 -0.0531485341 0.228151113 -0.144357339 -0.0199972391 0.120491661 -0.0340592414 0.00765168108 -0.049800586 -0.392065048 0.0488466397 0.0872212797 -0.290515333 0.0992391706 0.0976632088 -0.0722796246 0.147476614 -0.184434921 0.25197643 -0.256049246 -0.209179223 -0.0292044804 -0.0349076129 -0.128018647 0.304073095 0.0492101796 0.00830587 -0.238266215 -0.135846034 0.0864386931 -0.0501306206 -0.209828883 -0.19866693 0.056817662 0.119635552 0.106478944 -0.160177931 -0.0084704794 -0.0626015291 -0.171086773 0.0274105258 0.08985506 0.00331426784 0.0606469624 0.101213165 -0.168599531 -0.198474377 -0.231826752 -0.241698369 -0.0130650103 -0.206265464 0.0197552722 -0.390863895 0.287250191 -0.114820145 
-0.0333437361 0.170798063 -0.0299320351 0.195551947 -0.329157412 -0.282836556 -0.0331772156 0.0869499743 0.0910750404 0.193784729 -0.365526766 0.0956344157 -0.171631336 -0.0289707202 0.197703898 -0.0228438992 -0.0960862041 -0.0336845294 -0.0961096287 -0.0939854756 -0.201220766 -0.0269682128 -0.248239085 -0.106663242 -0.00684502395 -0.127265841 -0.0268274881 0.0613235123 0.0364471115 -0.0442338437 -0.208396658 -0.105615273 -0.229361072 -0.162007257 -0.0116683273 -0.198073968 0.0750616416 -0.108778261 0.0183301177 0.200547829 0.0504870005 0.0155287208 0.103135377 -0.0276387781 -0.208095074 0.216430172 -0.232203946 -0.174551964 -0.077073276 -0.0370211601 -0.116583437 -0.0765421912 0.0489613861 0.071445331 -0.135222137 -0.223748788 -0.0973101333 -0.129211575 -0.0246277303 -0.225453585 -0.119512528 0.0693162903 -0.0393085517 0.0932704285 0.0264848415 -0.0995174348 0.223077923 0.0281904433 -0.150616661 0.00222389377 0.0880433246 0.218364879 -0.104891345 0.0682794303 0.0179782324 -0.018930899 0.045150619 0.0239518993 0.093351908 0.0673589036 -0.122846656 -0.168731242 -0.145399541 0.0754347146 0.0661037117 0.0647069365 0.00816393923 -0.194801345 -0.148752674 0.0126632815 0.0980363116 0.136359245 0.0379263423 -0.532294393 0.0851124004 0.148281261 
-0.279482841 -0.0706812665 -0.196348697 -0.192695543 0.0393866487 0.00801721495 0.0410730913 -0.0853295326 -0.277688533 -0.107454732 -0.0398014113 0.070494242 0.0953105018 0.111554615 -0.0367004685 -0.247875601 0.0132548334 0.00989511237 0.0528547019 0.0483062863 0.0915539265 0.0633894578 -0.114967607 -0.0499097258 -0.0283653047 -0.117699265 -0.040485166 -0.016868053 -0.197152331 0.0564349927 -0.144411162 -0.0149599975 -0.180912718 -0.107913867 -0.0800177753 -0.0178932641 -0.0162124429 0.00790894311 0.182309002 -0.231519401 -0.0257121753 -0.1327108 0.0126597509 -0.045956362 0.00100895809 0.020960331 0.0666307062 -0.192757875 0.0854890496 -0.0428772867 -0.227057651 0.0512805432 -0.0315892063 -0.0763058588 0.0152444933 0.0993781015 -0.0497452281 0.10228315 -0.10732533 -0.0071069058 -0.0924668312 -0.216069371 0.048960872 -0.273113042 -0.0229976922 0.273710787 0.0688783452 0.0989330634 0.0710154548 0.0978663415 0.0191534553 -0.132489845 0.0452119 -0.153565153 -0.0484985709 -0.0836046264 -0.185552135 -0.104997255 0.0500884764 0.0369100049 -0.0473646261 -0.226993397 0.0934325159 -0.131517261 -0.0930554867 0.0166979656 -0.134117559 -0.244060948 -0.217710897 -0.0965577513 -0.035005223 0.00872990768 0.0276361778 -0.171244636 0.0211259332 0.00350836222 
0.0241035502 0.182968453 0.237477764 0.168760166 -0.0850128531 -0.211579427 -0.0860795006 0.00506358966 0.100565508 0.288046986 -0.0150451027 0.185045347 0.300367147 -0.0828242674 0.0102681946 -0.339239657 -0.111735612 -0.0421116203 -0.0843019038 0.0221888907 0.269537926 0.0248280056 -0.188496247 0.0170032214 0.0507539734 -0.164174825 0.0178190395 0.210049659 0.00546239922 -0.0161025133 -0.315252811 -0.0429875366 0.0741986707 0.0626940578 0.105046012 0.134193256 -0.139396593 0.00196961011 0.091638498 0.406854004 -0.0803183317 -0.174380437 -0.159113079 -0.182717249 -0.0841506496 0.247072771 -0.060347043 -0.0286737513 -0.138450906 -0.145536974 -0.32146129 0.0911443084 0.0399490111 0.189254433 0.0932330787 0.0130140949 0.116756707 0.0505228639 0.247852147 -0.00535223633 0.11167635 -0.260635614 -0.119246408 0.330823064 -0.0194802228 0.136835128 0.0086648697 -0.0128814792 0.0790018141 -0.00658471184 -0.0395642146 0.21678026 -0.201871902 0.134414718 0.088663429 -0.0330699459 0.0681905225 0.0125605799 0.0267405286 0.0973463282 -0.0888300166 0.119688429 0.0997753292 0.156421855 0.0157069787 -0.0109324856 0.257645637 -0.0854131132 0.0386048816 0.102241024 0.104852617 -0.0130825508 -0.00189287099 -0.00867633894 0.150737196 -0.235981286 
-0.0753790885 -0.156547651 -0.0665724054 0.115929976 -0.270482868 0.0367577374 0.0127707338 -0.0554893613 -0.0674908757 0.206759423 -0.00259923819 -0.0155241163 -0.0125818001 0.0259018 0.0441735759 0.00748043833 0.00607945584 0.0963160992 0.0905715078 0.121734433 0.00657402072 0.0554589778 -0.0555503294 0.0601794273 -0.15764679 0.0142735541 -0.0106597627 0.0377550311 0.103692286 -0.108613849 0.0227106791 0.129577592 -0.160415843 -0.00140480651 -0.0787408128 0.12280412 0.0347554907 -0.0952089578 -0.130143166 0.153072238 0.00120683853 0.0425225906 -0.0103346398 0.1670582 0.0815426186 0.190783024 0.140381664 0.0243064966 0.0212694779 -0.0986452028 0.120721132 0.0387274437 -0.12322776 -0.0281716622 0.000341423409 -0.111841604 0.07867717 0.0257638656 0.185547248 -0.0194145702 0.0924844965 0.119535267 -0.00271010539 -0.0202199798 0.104469851 0.140914306 -0.0163191799 0.0931636021 0.0369599201 -0.0774751678 -0.037029583 -0.0509928539 0.0251595955 -0.0377514213 -0.0629890636 0.0592042729 -0.0730341896 0.1347747 0.0383978561 -0.0577709973 0.0594447665 -0.0382415876 -0.184734553 -0.0683312565 -0.0612899065 -0.101239786 0.00277417572 -0.142333448 0.0489398129 0.11547 0.00186668255 -0.101701163 0.0323505178 0.0092411153 -0.0701446235 0.0233869143 
-0.0985548794 -0.0542739294 0.0256362576 -0.0552400053 0.0812900886 -0.161597744 -0.100126162 -0.00319681596 -0.0560476892 -0.117203347 -0.0759668872 -0.0730362087 -0.215829268 -0.00375732686 -0.0572137795 -0.0760172382 -0.0698457882 0.0713747069 -0.189698383 0.053765215 0.0145634124 0.0354335867 -0.0787183195 -0.113389544 -0.0433317274 0.00931796432 -0.017148532 -0.163939536 0.00501750829 -0.0108333137 -0.013084189 -0.0424675047 -0.0296566915 -0.132175937 -0.00423850538 0.0963076428 0.0476545691 -0.026606489 0.0828913301 0.0510270186 -0.133520797 -0.0359739065 -0.213785693 -0.124771588 -0.0900024995 0.0479720309 -0.01766303 0.0277520642 
-0.0886693597 -0.0841217488 0.116049215 -0.0132366335 -0.00665277196 -0.0164685193 0.150985822 0.00669259066 -0.0881304294 -0.050694 -0.0422634706 -0.177961826 -0.153775424 -0.0904191509 -0.190273568 -0.151616707 0.0143300854 -0.053781122 -0.110314772 0.030547522 0.0665074289 -0.0228653383 -0.122832105 -0.240009606 0.189559937 -0.132945478 -0.205776483 0.168854937 0.196501195 -0.00589394523 -0.260162741 -0.0652398393 0.11129155 -0.313251913 0.162714764 -0.108614966 -0.00920820702 0.122044511 -0.0697951466 -0.159590915 0.133854568 -0.0457468703 -0.132377893 0.0114793452 -0.189879254 0.156221107 0.0299824793 -0.0577686578 
-0.0884900317 -0.06927789 -0.318804711 -0.398125321 0.129164249 -0.236856699 -0.206423998 0.0507890284 0.214543507 -0.207150787 -0.0660988167 -0.113239467 -0.0469886065 -0.100179262 -0.130625486 -0.126613542 -0.228600174 0.171593443 -0.269066453 -0.0271186847 -0.115513943 0.0815698728 0.0636117533 0.0712046921 -0.107656963 0.0220279954 0.184673145 -0.190329924 -0.215457946 -0.0523035601 -0.393348366 -0.142902195 -0.342352331 -0.295749545 -0.239601046 0.0874252692 -0.00232698419 -0.173939079 -0.0244470239 0.168455109 -0.228246585 0.13002418 -0.158178583 -0.142309234 0.114391394 -0.147094399 -0.0221627429 -0.132336989 
-0.092999883 -0.0391673967 -0.0867298618 0.163679242 -0.160060376 0.106032632 -0.216607317 -0.124848925 -0.318972349 -0.0296160467 -0.064044416 0.086206235 0.0799747407 -0.0412402488 0.0773835033 0.0183244646 -0.065836668 -0.132573768 0.11995355 -0.0667105764 0.047836069 -0.0819241852 -0.236607522 -0.142056465 -0.0708925948 -0.0798487514 -0.0933084115 -0.017154051 -0.0701390952 -0.115228169 0.105782568 0.134833947 0.00529255066 0.1440126 -0.151761293 0.0342644788 -0.142482519 -0.251558304 -0.151120901 -0.230781093 -0.0194939021 -0.103447624 0.288809866 -0.127211228 -0.147084951 -0.233632892 -0.21012412 -0.0167961344 
-0.211796299 -0.0896711871 0.248123392 
